lower_wavenumber	upper_wavenumber	correlation	joined_into_same_window
550	550.5	0.997924578819054	TRUE
550.5	551	0.998654577903192	TRUE
551	551.5	0.998988227610382	TRUE
551.5	552	0.999066885538781	TRUE
552	552.5	0.999009503624311	TRUE
552.5	553	0.998908798075178	TRUE
553	553.5	0.998830134977067	TRUE
553.5	554	0.998867819403768	TRUE
554	554.5	0.998869078920606	TRUE
554.5	555	0.998875148638129	TRUE
555	555.5	0.998874314692287	TRUE
555.5	556	0.998879322318212	TRUE
556	556.5	0.998905546163085	TRUE
556.5	557	0.998930804029225	TRUE
557	557.5	0.998919789982765	TRUE
557.5	558	0.998852745099358	TRUE
558	558.5	0.998747067592984	TRUE
558.5	559	0.998661344229689	TRUE
559	559.5	0.998672462519151	TRUE
559.5	560	0.998780614752272	TRUE
560	560.5	0.998895186254107	TRUE
560.5	561	0.998929617643656	TRUE
561	561.5	0.998880989375543	TRUE
561.5	562	0.998779594506776	TRUE
562	562.5	0.998632406167389	TRUE
562.5	563	0.998455120872447	TRUE
563	563.5	0.998304154670904	TRUE
563.5	564	0.998233968262226	TRUE
564	564.5	0.998219050416404	TRUE
564.5	565	0.998183369972054	TRUE
565	565.5	0.998100879646767	TRUE
565.5	566	0.998039145739778	TRUE
566	566.5	0.998082999473462	TRUE
566.5	567	0.99821047099834	TRUE
567	567.5	0.998285897844537	TRUE
567.5	568	0.998189895758344	TRUE
568	568.5	0.997926664095687	TRUE
568.5	569	0.997563750744038	TRUE
569	569.5	0.997142998935632	TRUE
569.5	570	0.996718307571562	TRUE
570	570.5	0.996409788960071	TRUE
570.5	571	0.99633061850424	TRUE
571	571.5	0.996464253650128	TRUE
571.5	572	0.996697295096647	TRUE
572	572.5	0.99689955710978	TRUE
572.5	573	0.996999454585316	TRUE
573	573.5	0.997018835167318	TRUE
573.5	574	0.997029678926109	TRUE
574	574.5	0.997005771591781	TRUE
574.5	575	0.996812769387462	TRUE
575	575.5	0.996388500285898	TRUE
575.5	576	0.99579227798568	TRUE
576	576.5	0.995165343246779	TRUE
576.5	577	0.994650772885309	TRUE
577	577.5	0.994405603881759	TRUE
577.5	578	0.994466619439706	TRUE
578	578.5	0.994708819614638	TRUE
578.5	579	0.994993433731165	TRUE
579	579.5	0.995262938887257	TRUE
579.5	580	0.995492721856287	TRUE
580	580.5	0.995706533037607	TRUE
580.5	581	0.996008055167002	TRUE
581	581.5	0.99641053220571	TRUE
581.5	582	0.996746475494282	TRUE
582	582.5	0.996851117541581	TRUE
582.5	583	0.996723729753562	TRUE
583	583.5	0.996443146626107	TRUE
583.5	584	0.996102939233461	TRUE
584	584.5	0.995820626162054	TRUE
584.5	585	0.99569950543994	TRUE
585	585.5	0.995771704270181	TRUE
585.5	586	0.995993650727841	TRUE
586	586.5	0.996336212544349	TRUE
586.5	587	0.996736822363257	TRUE
587	587.5	0.997077420650512	TRUE
587.5	588	0.997292104505468	TRUE
588	588.5	0.997415587086284	TRUE
588.5	589	0.997503123150847	TRUE
589	589.5	0.997568356232453	TRUE
589.5	590	0.997609876326697	TRUE
590	590.5	0.997627580770298	TRUE
590.5	591	0.997588779673789	TRUE
591	591.5	0.997499619451388	TRUE
591.5	592	0.997432137969276	TRUE
592	592.5	0.997437371092638	TRUE
592.5	593	0.997520467093234	TRUE
593	593.5	0.997668306561503	TRUE
593.5	594	0.997814217624486	TRUE
594	594.5	0.997830608477546	TRUE
594.5	595	0.997642354131239	TRUE
595	595.5	0.997322731199567	TRUE
595.5	596	0.99702046849136	TRUE
596	596.5	0.996838639421471	TRUE
596.5	597	0.996829925645587	TRUE
597	597.5	0.997005088657285	TRUE
597.5	598	0.99727921650508	TRUE
598	598.5	0.99747260409106	TRUE
598.5	599	0.997456189795048	TRUE
599	599.5	0.997270665250288	TRUE
599.5	600	0.997071654882386	TRUE
600	600.5	0.997029494466667	TRUE
600.5	601	0.997198228773554	TRUE
601	601.5	0.997476080912502	TRUE
601.5	602	0.997716745692925	TRUE
602	602.5	0.997885146506754	TRUE
602.5	603	0.99802736439965	TRUE
603	603.5	0.998146505326793	TRUE
603.5	604	0.998207185596573	TRUE
604	604.5	0.998195139151296	TRUE
604.5	605	0.998123737064031	TRUE
605	605.5	0.998027115339213	TRUE
605.5	606	0.997953804554763	TRUE
606	606.5	0.997935317303388	TRUE
606.5	607	0.997960302441005	TRUE
607	607.5	0.998028147486536	TRUE
607.5	608	0.998159875053823	TRUE
608	608.5	0.998345301701357	TRUE
608.5	609	0.998483919078401	TRUE
609	609.5	0.998510957950966	TRUE
609.5	610	0.99845803903266	TRUE
610	610.5	0.998402398096039	TRUE
610.5	611	0.998395355547397	TRUE
611	611.5	0.998447044379812	TRUE
611.5	612	0.998536843414491	TRUE
612	612.5	0.998626467744157	TRUE
612.5	613	0.998703526203641	TRUE
613	613.5	0.998769771825032	TRUE
613.5	614	0.998809954492511	TRUE
614	614.5	0.998813321645804	TRUE
614.5	615	0.998799614409234	TRUE
615	615.5	0.998795285022867	TRUE
615.5	616	0.998791662530926	TRUE
616	616.5	0.998783595075085	TRUE
616.5	617	0.998780410183137	TRUE
617	617.5	0.998782907300142	TRUE
617.5	618	0.998775339414743	TRUE
618	618.5	0.998751382577733	TRUE
618.5	619	0.998722431545788	TRUE
619	619.5	0.998699427758077	TRUE
619.5	620	0.998698325623096	TRUE
620	620.5	0.998732078691472	TRUE
620.5	621	0.998796875457715	TRUE
621	621.5	0.998859955723057	TRUE
621.5	622	0.998903741334068	TRUE
622	622.5	0.998941475383993	TRUE
622.5	623	0.998981756049756	TRUE
623	623.5	0.999023927454154	TRUE
623.5	624	0.999059619905331	TRUE
624	624.5	0.999081493707369	TRUE
624.5	625	0.999075300055294	TRUE
625	625.5	0.999042587761327	TRUE
625.5	626	0.999010502338749	TRUE
626	626.5	0.998993775383715	TRUE
626.5	627	0.998983632447193	TRUE
627	627.5	0.998971024968633	TRUE
627.5	628	0.998960132145209	TRUE
628	628.5	0.998948949772561	TRUE
628.5	629	0.998931443152391	TRUE
629	629.5	0.998917869359685	TRUE
629.5	630	0.998921552741605	TRUE
630	630.5	0.998940848941635	TRUE
630.5	631	0.99896725922743	TRUE
631	631.5	0.998983518530132	TRUE
631.5	632	0.998966116658335	TRUE
632	632.5	0.998909972166944	TRUE
632.5	633	0.998855577513217	TRUE
633	633.5	0.998843895225211	TRUE
633.5	634	0.998862208452242	TRUE
634	634.5	0.998885687601293	TRUE
634.5	635	0.998910434151414	TRUE
635	635.5	0.998937122948977	TRUE
635.5	636	0.998950971034276	TRUE
636	636.5	0.998946842262033	TRUE
636.5	637	0.998939289723601	TRUE
637	637.5	0.998944949218895	TRUE
637.5	638	0.998967688447608	TRUE
638	638.5	0.999006211911165	TRUE
638.5	639	0.999033432921279	TRUE
639	639.5	0.999017952306511	TRUE
639.5	640	0.998962839769584	TRUE
640	640.5	0.998894427508755	TRUE
640.5	641	0.998829376481171	TRUE
641	641.5	0.998767923681464	TRUE
641.5	642	0.99871990596266	TRUE
642	642.5	0.99869711650587	TRUE
642.5	643	0.998689133030583	TRUE
643	643.5	0.998676607465197	TRUE
643.5	644	0.998649807609752	TRUE
644	644.5	0.998609758903646	TRUE
644.5	645	0.998563273084	TRUE
645	645.5	0.998530425931085	TRUE
645.5	646	0.9985283806489	TRUE
646	646.5	0.998571703669921	TRUE
646.5	647	0.998673322176418	TRUE
647	647.5	0.998838974379285	TRUE
647.5	648	0.999045720127465	TRUE
648	648.5	0.999255165885337	TRUE
648.5	649	0.999441154231608	TRUE
649	649.5	0.999591778910704	TRUE
649.5	650	0.999703529147674	TRUE
650	650.5	0.999774227354328	TRUE
650.5	651	0.999807634766793	TRUE
651	651.5	0.999811007284478	TRUE
651.5	652	0.999792330080827	TRUE
652	652.5	0.999760460962682	TRUE
652.5	653	0.99972189352851	TRUE
653	653.5	0.999674536741718	TRUE
653.5	654	0.999610567046162	TRUE
654	654.5	0.999524372775877	TRUE
654.5	655	0.999415385497372	TRUE
655	655.5	0.999279285309581	TRUE
655.5	656	0.999111135299623	TRUE
656	656.5	0.998912305105062	TRUE
656.5	657	0.998678834220627	TRUE
657	657.5	0.99839633684961	TRUE
657.5	658	0.998053543509029	TRUE
658	658.5	0.997660069483105	TRUE
658.5	659	0.997235461215107	TRUE
659	659.5	0.996797093835203	TRUE
659.5	660	0.996367439392256	TRUE
660	660.5	0.995966788366265	TRUE
660.5	661	0.995615189481696	TRUE
661	661.5	0.995357364915026	TRUE
661.5	662	0.995266479639201	TRUE
662	662.5	0.995358729098764	TRUE
662.5	663	0.995578659472852	TRUE
663	663.5	0.995877366609864	TRUE
663.5	664	0.996224971997781	TRUE
664	664.5	0.996606649369968	TRUE
664.5	665	0.997011784339835	TRUE
665	665.5	0.997445088655774	TRUE
665.5	666	0.997880676469241	TRUE
666	666.5	0.998258920604504	TRUE
666.5	667	0.998524626063913	TRUE
667	667.5	0.998662475025917	TRUE
667.5	668	0.998700426655451	TRUE
668	668.5	0.998701155937112	TRUE
668.5	669	0.998718494478505	TRUE
669	669.5	0.998746753803	TRUE
669.5	670	0.998745277136489	TRUE
670	670.5	0.998720915482095	TRUE
670.5	671	0.998729071666203	TRUE
671	671.5	0.998776674418273	TRUE
671.5	672	0.998807613614249	TRUE
672	672.5	0.99876732478031	TRUE
672.5	673	0.998640504063608	TRUE
673	673.5	0.998437280668816	TRUE
673.5	674	0.998195577574281	TRUE
674	674.5	0.99797849180851	TRUE
674.5	675	0.997834312951522	TRUE
675	675.5	0.997761268270506	TRUE
675.5	676	0.997732092063669	TRUE
676	676.5	0.997717278415421	TRUE
676.5	677	0.997688659444512	TRUE
677	677.5	0.997675871219443	TRUE
677.5	678	0.997740250492838	TRUE
678	678.5	0.997859613813489	TRUE
678.5	679	0.997947511259691	TRUE
679	679.5	0.997954817014944	TRUE
679.5	680	0.997902892152233	TRUE
680	680.5	0.997807718808316	TRUE
680.5	681	0.997666725830924	TRUE
681	681.5	0.997498970569285	TRUE
681.5	682	0.99736412480329	TRUE
682	682.5	0.997328300771293	TRUE
682.5	683	0.997426853901965	TRUE
683	683.5	0.997616784097455	TRUE
683.5	684	0.997782441804482	TRUE
684	684.5	0.997841777129715	TRUE
684.5	685	0.997809304143649	TRUE
685	685.5	0.997708584116163	TRUE
685.5	686	0.99750450215474	TRUE
686	686.5	0.997175093614889	TRUE
686.5	687	0.996819241728681	TRUE
687	687.5	0.996598784574213	TRUE
687.5	688	0.996589689752448	TRUE
688	688.5	0.996730219118533	TRUE
688.5	689	0.996859397650694	TRUE
689	689.5	0.996830970595692	TRUE
689.5	690	0.996645302884217	TRUE
690	690.5	0.996445228355647	TRUE
690.5	691	0.996304934491151	TRUE
691	691.5	0.996167646871048	TRUE
691.5	692	0.995990642580143	TRUE
692	692.5	0.99579821416426	TRUE
692.5	693	0.995624272302404	TRUE
693	693.5	0.995508809679357	TRUE
693.5	694	0.995504944007659	TRUE
694	694.5	0.995575981466972	TRUE
694.5	695	0.995548035662429	TRUE
695	695.5	0.995322849381785	TRUE
695.5	696	0.994972417024921	TRUE
696	696.5	0.994602838480098	TRUE
696.5	697	0.994288283952322	TRUE
697	697.5	0.99414197932537	TRUE
697.5	698	0.994190694602126	TRUE
698	698.5	0.994318285654638	TRUE
698.5	699	0.994474578470642	TRUE
699	699.5	0.994728958411169	TRUE
699.5	700	0.995003504777594	TRUE
700	700.5	0.995097411403906	TRUE
700.5	701	0.995002551385889	TRUE
701	701.5	0.994964498000829	TRUE
701.5	702	0.995053817795074	TRUE
702	702.5	0.995150495608953	TRUE
702.5	703	0.995201765529024	TRUE
703	703.5	0.995266569389348	TRUE
703.5	704	0.995358926646772	TRUE
704	704.5	0.995479840594846	TRUE
704.5	705	0.995611481233042	TRUE
705	705.5	0.99566166310153	TRUE
705.5	706	0.995628332242222	TRUE
706	706.5	0.99568332501385	TRUE
706.5	707	0.995870892641687	TRUE
707	707.5	0.995989274716404	TRUE
707.5	708	0.995945821569204	TRUE
708	708.5	0.995869433958397	TRUE
708.5	709	0.995824253513715	TRUE
709	709.5	0.995767029575404	TRUE
709.5	710	0.995724769531945	TRUE
710	710.5	0.995731920988129	TRUE
710.5	711	0.99572391060388	TRUE
711	711.5	0.99571392425633	TRUE
711.5	712	0.995830092493503	TRUE
712	712.5	0.996056611057191	TRUE
712.5	713	0.99622303459308	TRUE
713	713.5	0.996262323526605	TRUE
713.5	714	0.996251184050018	TRUE
714	714.5	0.996178557126529	TRUE
714.5	715	0.996036599972956	TRUE
715	715.5	0.995953465569807	TRUE
715.5	716	0.996059456272721	TRUE
716	716.5	0.996339229226512	TRUE
716.5	717	0.996698075672051	TRUE
717	717.5	0.997029491070941	TRUE
717.5	718	0.997208267926297	TRUE
718	718.5	0.997206829069613	TRUE
718.5	719	0.997100554796324	TRUE
719	719.5	0.996900036723009	TRUE
719.5	720	0.996539966578313	TRUE
720	720.5	0.996117531071245	TRUE
720.5	721	0.995854953884761	TRUE
721	721.5	0.995843484530174	TRUE
721.5	722	0.995956598512493	TRUE
722	722.5	0.996058366983864	TRUE
722.5	723	0.996099593766104	TRUE
723	723.5	0.996073944035202	TRUE
723.5	724	0.996048259949014	TRUE
724	724.5	0.996090305586244	TRUE
724.5	725	0.996194813541682	TRUE
725	725.5	0.996340365897516	TRUE
725.5	726	0.996575761326349	TRUE
726	726.5	0.996966847965742	TRUE
726.5	727	0.997484651704031	TRUE
727	727.5	0.998038194422904	TRUE
727.5	728	0.998547221575676	TRUE
728	728.5	0.998960873514846	TRUE
728.5	729	0.999260448635495	TRUE
729	729.5	0.999456906969158	TRUE
729.5	730	0.999577672006772	TRUE
730	730.5	0.999647673842564	TRUE
730.5	731	0.99968500976654	TRUE
731	731.5	0.999705648029597	TRUE
731.5	732	0.999715851799989	TRUE
732	732.5	0.999711620014351	TRUE
732.5	733	0.999693925993335	TRUE
733	733.5	0.99967197423936	TRUE
733.5	734	0.999652193056339	TRUE
734	734.5	0.999626975123864	TRUE
734.5	735	0.999582014644566	TRUE
735	735.5	0.999505698416979	TRUE
735.5	736	0.999388096768877	TRUE
736	736.5	0.999224755221055	TRUE
736.5	737	0.999031159151977	TRUE
737	737.5	0.99882872800693	TRUE
737.5	738	0.998616327879185	TRUE
738	738.5	0.998370084264165	TRUE
738.5	739	0.998053131703792	TRUE
739	739.5	0.997622710099877	TRUE
739.5	740	0.997035664006552	TRUE
740	740.5	0.996308783582033	TRUE
740.5	741	0.995536027517412	TRUE
741	741.5	0.994831838495336	TRUE
741.5	742	0.994341478214005	TRUE
742	742.5	0.994246551326641	TRUE
742.5	743	0.994607473571784	TRUE
743	743.5	0.995317663352413	TRUE
743.5	744	0.996173397523051	TRUE
744	744.5	0.99697518979469	TRUE
744.5	745	0.997568518128925	TRUE
745	745.5	0.997920152316762	TRUE
745.5	746	0.998119785148565	TRUE
746	746.5	0.998230139054134	TRUE
746.5	747	0.998237817791622	TRUE
747	747.5	0.998144565838539	TRUE
747.5	748	0.998025531953107	TRUE
748	748.5	0.997914814714854	TRUE
748.5	749	0.997838080914214	TRUE
749	749.5	0.997843176366236	TRUE
749.5	750	0.997948448866228	TRUE
750	750.5	0.998091742299137	TRUE
750.5	751	0.998233224639779	TRUE
751	751.5	0.998360613158476	TRUE
751.5	752	0.998427946500727	TRUE
752	752.5	0.998395969631782	TRUE
752.5	753	0.99832719205186	TRUE
753	753.5	0.998289210245186	TRUE
753.5	754	0.998257132863896	TRUE
754	754.5	0.998210970636476	TRUE
754.5	755	0.99818602962761	TRUE
755	755.5	0.998183874053308	TRUE
755.5	756	0.99814590372548	TRUE
756	756.5	0.998075133922165	TRUE
756.5	757	0.998025123916391	TRUE
757	757.5	0.997984874877397	TRUE
757.5	758	0.99791555623038	TRUE
758	758.5	0.997864642797347	TRUE
758.5	759	0.997883991060112	TRUE
759	759.5	0.997968790094257	TRUE
759.5	760	0.998082044363764	TRUE
760	760.5	0.998191958251668	TRUE
760.5	761	0.998231374924421	TRUE
761	761.5	0.998157029663689	TRUE
761.5	762	0.998012818831403	TRUE
762	762.5	0.997834113874498	TRUE
762.5	763	0.997616122994698	TRUE
763	763.5	0.997407031962799	TRUE
763.5	764	0.997272816940674	TRUE
764	764.5	0.997177455733164	TRUE
764.5	765	0.997041127742153	TRUE
765	765.5	0.996896286050428	TRUE
765.5	766	0.9968556382714	TRUE
766	766.5	0.996920380584828	TRUE
766.5	767	0.997038525304961	TRUE
767	767.5	0.997180985730742	TRUE
767.5	768	0.997323641246981	TRUE
768	768.5	0.997425512308507	TRUE
768.5	769	0.997497556721302	TRUE
769	769.5	0.997579126752156	TRUE
769.5	770	0.99767359230381	TRUE
770	770.5	0.997768002261301	TRUE
770.5	771	0.997894676570495	TRUE
771	771.5	0.998059829932521	TRUE
771.5	772	0.998204679827856	TRUE
772	772.5	0.998309715152481	TRUE
772.5	773	0.998384722661724	TRUE
773	773.5	0.998407488501368	TRUE
773.5	774	0.99836436833036	TRUE
774	774.5	0.998309733910315	TRUE
774.5	775	0.998322570958008	TRUE
775	775.5	0.998390621496532	TRUE
775.5	776	0.998456404353897	TRUE
776	776.5	0.998495723648157	TRUE
776.5	777	0.998499524031051	TRUE
777	777.5	0.998480507388852	TRUE
777.5	778	0.998473677907841	TRUE
778	778.5	0.998499422508552	TRUE
778.5	779	0.99849907036594	TRUE
779	779.5	0.998381792067475	TRUE
779.5	780	0.998118229020414	TRUE
780	780.5	0.997706775458298	TRUE
780.5	781	0.997137275084043	TRUE
781	781.5	0.996476038738465	TRUE
781.5	782	0.99588295571013	TRUE
782	782.5	0.99546028581401	TRUE
782.5	783	0.995178514644587	TRUE
783	783.5	0.994982401960692	TRUE
783.5	784	0.994818934186761	TRUE
784	784.5	0.994592360737343	TRUE
784.5	785	0.99436352176532	TRUE
785	785.5	0.994400612251101	TRUE
785.5	786	0.994776510715271	TRUE
786	786.5	0.995211864458172	TRUE
786.5	787	0.995484344674867	TRUE
787	787.5	0.995570937352857	TRUE
787.5	788	0.995557061856614	TRUE
788	788.5	0.995572468287839	TRUE
788.5	789	0.995764408370252	TRUE
789	789.5	0.996072340632511	TRUE
789.5	790	0.99630041744191	TRUE
790	790.5	0.99639600760456	TRUE
790.5	791	0.996434947041508	TRUE
791	791.5	0.996423394365761	TRUE
791.5	792	0.996349963766846	TRUE
792	792.5	0.996261994401938	TRUE
792.5	793	0.996189527451726	TRUE
793	793.5	0.996152788195452	TRUE
793.5	794	0.996219441021239	TRUE
794	794.5	0.996461180757838	TRUE
794.5	795	0.996815398700304	TRUE
795	795.5	0.997178685033729	TRUE
795.5	796	0.997518364493382	TRUE
796	796.5	0.997835161189903	TRUE
796.5	797	0.998108600926129	TRUE
797	797.5	0.998341019668164	TRUE
797.5	798	0.998554502645967	TRUE
798	798.5	0.99873575890558	TRUE
798.5	799	0.998870736940891	TRUE
799	799.5	0.998978964875624	TRUE
799.5	800	0.999067873075481	TRUE
800	800.5	0.999121118663194	TRUE
800.5	801	0.999147914043403	TRUE
801	801.5	0.99918874645891	TRUE
801.5	802	0.999262399233095	TRUE
802	802.5	0.999342061968137	TRUE
802.5	803	0.999401019053471	TRUE
803	803.5	0.999434972975432	TRUE
803.5	804	0.999449420227643	TRUE
804	804.5	0.999452756517195	TRUE
804.5	805	0.999459812204796	TRUE
805	805.5	0.999479581800978	TRUE
805.5	806	0.999508461629899	TRUE
806	806.5	0.999540962386756	TRUE
806.5	807	0.999576386451161	TRUE
807	807.5	0.999609510549543	TRUE
807.5	808	0.999636294398901	TRUE
808	808.5	0.99966061078533	TRUE
808.5	809	0.99967962270486	TRUE
809	809.5	0.999681639872214	TRUE
809.5	810	0.999670344466014	TRUE
810	810.5	0.999664636823097	TRUE
810.5	811	0.999670352317556	TRUE
811	811.5	0.999676897523098	TRUE
811.5	812	0.999682827444346	TRUE
812	812.5	0.999693607726751	TRUE
812.5	813	0.999706274738585	TRUE
813	813.5	0.999713984092839	TRUE
813.5	814	0.999720373784359	TRUE
814	814.5	0.999730433065948	TRUE
814.5	815	0.999737264514919	TRUE
815	815.5	0.999735569024205	TRUE
815.5	816	0.999726995131215	TRUE
816	816.5	0.999711428697907	TRUE
816.5	817	0.999692046355131	TRUE
817	817.5	0.999678140874734	TRUE
817.5	818	0.999674743563341	TRUE
818	818.5	0.999672444219808	TRUE
818.5	819	0.999667302627485	TRUE
819	819.5	0.999669085467678	TRUE
819.5	820	0.999683529135651	TRUE
820	820.5	0.999702321226513	TRUE
820.5	821	0.999722821233729	TRUE
821	821.5	0.999747874988781	TRUE
821.5	822	0.999776546180524	TRUE
822	822.5	0.999802397313384	TRUE
822.5	823	0.999822299427594	TRUE
823	823.5	0.999834168112392	TRUE
823.5	824	0.999834400488188	TRUE
824	824.5	0.999828036821173	TRUE
824.5	825	0.999826063261038	TRUE
825	825.5	0.999828301629942	TRUE
825.5	826	0.999828211336359	TRUE
826	826.5	0.999827642986217	TRUE
826.5	827	0.999829897318971	TRUE
827	827.5	0.999831624576063	TRUE
827.5	828	0.999829490576977	TRUE
828	828.5	0.999827235696755	TRUE
828.5	829	0.999825905470906	TRUE
829	829.5	0.999822880000091	TRUE
829.5	830	0.99982051388227	TRUE
830	830.5	0.999819738456444	TRUE
830.5	831	0.999809511109411	TRUE
831	831.5	0.999786701957878	TRUE
831.5	832	0.999765955259422	TRUE
832	832.5	0.999762487111813	TRUE
832.5	833	0.999774844922995	TRUE
833	833.5	0.999793145807917	TRUE
833.5	834	0.99980901545465	TRUE
834	834.5	0.999815995066991	TRUE
834.5	835	0.999810453678558	TRUE
835	835.5	0.999795961065085	TRUE
835.5	836	0.99977216382388	TRUE
836	836.5	0.999733577849226	TRUE
836.5	837	0.999688876504388	TRUE
837	837.5	0.999660827772961	TRUE
837.5	838	0.999659163940224	TRUE
838	838.5	0.99967202001013	TRUE
838.5	839	0.999686954299824	TRUE
839	839.5	0.999697184105963	TRUE
839.5	840	0.999698726698769	TRUE
840	840.5	0.999692380856742	TRUE
840.5	841	0.99968758947491	TRUE
841	841.5	0.999690110075898	TRUE
841.5	842	0.999695158477879	TRUE
842	842.5	0.999698505216725	TRUE
842.5	843	0.999697317248135	TRUE
843	843.5	0.999681789233989	TRUE
843.5	844	0.999645640227086	TRUE
844	844.5	0.999602501650878	TRUE
844.5	845	0.999565462192069	TRUE
845	845.5	0.999523053495392	TRUE
845.5	846	0.999460118845853	TRUE
846	846.5	0.999385603206318	TRUE
846.5	847	0.999307954569327	TRUE
847	847.5	0.999225781251492	TRUE
847.5	848	0.999153042154118	TRUE
848	848.5	0.999121660084669	TRUE
848.5	849	0.999141952278199	TRUE
849	849.5	0.99920246699384	TRUE
849.5	850	0.999283226645949	TRUE
850	850.5	0.999351873456933	TRUE
850.5	851	0.999371480346702	TRUE
851	851.5	0.99935637066295	TRUE
851.5	852	0.999347502786069	TRUE
852	852.5	0.999338180374908	TRUE
852.5	853	0.999304976280704	TRUE
853	853.5	0.999266724230347	TRUE
853.5	854	0.999244942406182	TRUE
854	854.5	0.9992245873694	TRUE
854.5	855	0.99919696988232	TRUE
855	855.5	0.999182896762725	TRUE
855.5	856	0.999165914278212	TRUE
856	856.5	0.999105409179389	TRUE
856.5	857	0.999015773522124	TRUE
857	857.5	0.998951130457619	TRUE
857.5	858	0.998918051509184	TRUE
858	858.5	0.99890327363196	TRUE
858.5	859	0.998907692842361	TRUE
859	859.5	0.998909544523159	TRUE
859.5	860	0.998883171927122	TRUE
860	860.5	0.998857904809369	TRUE
860.5	861	0.998820672358077	TRUE
861	861.5	0.998670400962361	TRUE
861.5	862	0.998365730281332	TRUE
862	862.5	0.997996775350421	TRUE
862.5	863	0.997675606375256	TRUE
863	863.5	0.997468971036475	TRUE
863.5	864	0.997481622463615	TRUE
864	864.5	0.99773505820982	TRUE
864.5	865	0.998036332321118	TRUE
865	865.5	0.998210354729018	TRUE
865.5	866	0.998268428931821	TRUE
866	866.5	0.998223911345714	TRUE
866.5	867	0.998026996548781	TRUE
867	867.5	0.997723602712523	TRUE
867.5	868	0.997477084969961	TRUE
868	868.5	0.997409693081347	TRUE
868.5	869	0.997549372761737	TRUE
869	869.5	0.997844339204574	TRUE
869.5	870	0.998127243463851	TRUE
870	870.5	0.998233017649593	TRUE
870.5	871	0.998195907431555	TRUE
871	871.5	0.998147168721697	TRUE
871.5	872	0.998091328272693	TRUE
872	872.5	0.99800516730816	TRUE
872.5	873	0.997975501432105	TRUE
873	873.5	0.998019296084833	TRUE
873.5	874	0.997981603426528	TRUE
874	874.5	0.997789717606406	TRUE
874.5	875	0.997595084008981	TRUE
875	875.5	0.997467618435208	TRUE
875.5	876	0.99731014951864	TRUE
876	876.5	0.997061111611348	TRUE
876.5	877	0.996764833558008	TRUE
877	877.5	0.996508737862975	TRUE
877.5	878	0.996459963863274	TRUE
878	878.5	0.996696754870686	TRUE
878.5	879	0.996993235637466	TRUE
879	879.5	0.997029013901689	TRUE
879.5	880	0.996863500343054	TRUE
880	880.5	0.996821135471701	TRUE
880.5	881	0.996968081513082	TRUE
881	881.5	0.997111783080856	TRUE
881.5	882	0.997185363228695	TRUE
882	882.5	0.997289857678753	TRUE
882.5	883	0.997466462834047	TRUE
883	883.5	0.9977029468219	TRUE
883.5	884	0.997918608872456	TRUE
884	884.5	0.997929727696946	TRUE
884.5	885	0.997700977780767	TRUE
885	885.5	0.997487632538154	TRUE
885.5	886	0.997467060305702	TRUE
886	886.5	0.997493338447838	TRUE
886.5	887	0.997404117909494	TRUE
887	887.5	0.997319842103211	TRUE
887.5	888	0.997332932511982	TRUE
888	888.5	0.997288682282452	TRUE
888.5	889	0.997096375232842	TRUE
889	889.5	0.996810046885571	TRUE
889.5	890	0.996483839061492	TRUE
890	890.5	0.996284197108449	TRUE
890.5	891	0.996404318287624	TRUE
891	891.5	0.996661659019364	TRUE
891.5	892	0.996592166625085	TRUE
892	892.5	0.996082883046508	TRUE
892.5	893	0.995402450237217	TRUE
893	893.5	0.994678921058773	TRUE
893.5	894	0.993928043798071	TRUE
894	894.5	0.993427615503089	TRUE
894.5	895	0.993540717932701	TRUE
895	895.5	0.994195329611374	TRUE
895.5	896	0.99501958731046	TRUE
896	896.5	0.995678671707746	TRUE
896.5	897	0.995976761048481	TRUE
897	897.5	0.99591867750435	TRUE
897.5	898	0.995745834717172	TRUE
898	898.5	0.995609424783016	TRUE
898.5	899	0.995376883836139	TRUE
899	899.5	0.995117947001113	TRUE
899.5	900	0.995217008208127	TRUE
900	900.5	0.995724023359989	TRUE
900.5	901	0.996161062996078	TRUE
901	901.5	0.996252760184385	TRUE
901.5	902	0.996197677829586	TRUE
902	902.5	0.996180189113076	TRUE
902.5	903	0.996117222637115	TRUE
903	903.5	0.995990955284378	TRUE
903.5	904	0.99587771155076	TRUE
904	904.5	0.995853533766273	TRUE
904.5	905	0.99605111824179	TRUE
905	905.5	0.996478322724983	TRUE
905.5	906	0.996914562776118	TRUE
906	906.5	0.997144632102331	TRUE
906.5	907	0.997279874321709	TRUE
907	907.5	0.997490197067383	TRUE
907.5	908	0.997666860091982	TRUE
908	908.5	0.997718988482039	TRUE
908.5	909	0.997778552011476	TRUE
909	909.5	0.997923921696149	TRUE
909.5	910	0.998020246997383	TRUE
910	910.5	0.998000237753239	TRUE
910.5	911	0.997969248383933	TRUE
911	911.5	0.997985210264825	TRUE
911.5	912	0.998045375513814	TRUE
912	912.5	0.998188496937734	TRUE
912.5	913	0.998391988651357	TRUE
913	913.5	0.998559028771465	TRUE
913.5	914	0.998655704078164	TRUE
914	914.5	0.998724287292694	TRUE
914.5	915	0.998760894825554	TRUE
915	915.5	0.998750126557156	TRUE
915.5	916	0.99874696904317	TRUE
916	916.5	0.998773671138693	TRUE
916.5	917	0.998767707896611	TRUE
917	917.5	0.998733956487464	TRUE
917.5	918	0.998762892513551	TRUE
918	918.5	0.998864944016458	TRUE
918.5	919	0.998952007208537	TRUE
919	919.5	0.998986386194621	TRUE
919.5	920	0.998979368331717	TRUE
920	920.5	0.998913950418401	TRUE
920.5	921	0.99879450185171	TRUE
921	921.5	0.99869504677453	TRUE
921.5	922	0.998675750051434	TRUE
922	922.5	0.998720395109691	TRUE
922.5	923	0.998792284853969	TRUE
923	923.5	0.99886812994684	TRUE
923.5	924	0.998917025285862	TRUE
924	924.5	0.998931202176875	TRUE
924.5	925	0.998952432844845	TRUE
925	925.5	0.998991063440395	TRUE
925.5	926	0.999007294665679	TRUE
926	926.5	0.998992330597923	TRUE
926.5	927	0.998986374939782	TRUE
927	927.5	0.99899565862961	TRUE
927.5	928	0.998987044899982	TRUE
928	928.5	0.998971924397107	TRUE
928.5	929	0.998978405519374	TRUE
929	929.5	0.998977120795868	TRUE
929.5	930	0.998930083515496	TRUE
930	930.5	0.998874657424349	TRUE
930.5	931	0.998869476345737	TRUE
931	931.5	0.998907962835007	TRUE
931.5	932	0.998960685722024	TRUE
932	932.5	0.999019647120066	TRUE
932.5	933	0.999063974851492	TRUE
933	933.5	0.999074417414925	TRUE
933.5	934	0.999086105596844	TRUE
934	934.5	0.999133312425726	TRUE
934.5	935	0.999192382159132	TRUE
935	935.5	0.999234459493473	TRUE
935.5	936	0.999270837987006	TRUE
936	936.5	0.999303210243065	TRUE
936.5	937	0.999310866337949	TRUE
937	937.5	0.999307360988175	TRUE
937.5	938	0.999323386941489	TRUE
938	938.5	0.999339151917056	TRUE
938.5	939	0.999333366119411	TRUE
939	939.5	0.999332075719405	TRUE
939.5	940	0.999340786355222	TRUE
940	940.5	0.999330792456075	TRUE
940.5	941	0.999306589225631	TRUE
941	941.5	0.999292219681481	TRUE
941.5	942	0.999261519073222	TRUE
942	942.5	0.999194863596024	TRUE
942.5	943	0.999147805143802	TRUE
943	943.5	0.999154711275466	TRUE
943.5	944	0.999161597577045	TRUE
944	944.5	0.999121353467712	TRUE
944.5	945	0.999053644922746	TRUE
945	945.5	0.998984844719972	TRUE
945.5	946	0.99893835880353	TRUE
946	946.5	0.998942564218409	TRUE
946.5	947	0.99898337042406	TRUE
947	947.5	0.999009578704784	TRUE
947.5	948	0.999021758426367	TRUE
948	948.5	0.999062971843981	TRUE
948.5	949	0.999108986108257	TRUE
949	949.5	0.999111491083843	TRUE
949.5	950	0.999091913276156	TRUE
950	950.5	0.99909666105763	TRUE
950.5	951	0.999081178994112	TRUE
951	951.5	0.998982062517186	TRUE
951.5	952	0.998835922064091	TRUE
952	952.5	0.998716731470678	TRUE
952.5	953	0.998640372402748	TRUE
953	953.5	0.998590824151981	TRUE
953.5	954	0.99856633954528	TRUE
954	954.5	0.998560808861382	TRUE
954.5	955	0.998570325870597	TRUE
955	955.5	0.998616846251571	TRUE
955.5	956	0.99868783529409	TRUE
956	956.5	0.998758151299417	TRUE
956.5	957	0.998850956399095	TRUE
957	957.5	0.998978215310131	TRUE
957.5	958	0.999064324132047	TRUE
958	958.5	0.999053889581006	TRUE
958.5	959	0.999016840537726	TRUE
959	959.5	0.999025419671793	TRUE
959.5	960	0.999031363577773	TRUE
960	960.5	0.998985000630846	TRUE
960.5	961	0.998926752039824	TRUE
961	961.5	0.99888275045823	TRUE
961.5	962	0.998794723065522	TRUE
962	962.5	0.998653826808699	TRUE
962.5	963	0.998563257096997	TRUE
963	963.5	0.998604353616091	TRUE
963.5	964	0.998766661581188	TRUE
964	964.5	0.998994993285085	TRUE
964.5	965	0.999202374224584	TRUE
965	965.5	0.999316950127517	TRUE
965.5	966	0.999335593749992	TRUE
966	966.5	0.999301256526982	TRUE
966.5	967	0.999227219418527	TRUE
967	967.5	0.999116681407675	TRUE
967.5	968	0.999017495276662	TRUE
968	968.5	0.998959900891953	TRUE
968.5	969	0.99890545958473	TRUE
969	969.5	0.998839969034586	TRUE
969.5	970	0.998805936766983	TRUE
970	970.5	0.998810025556927	TRUE
970.5	971	0.998807098362918	TRUE
971	971.5	0.998803856747442	TRUE
971.5	972	0.998820896715604	TRUE
972	972.5	0.998823031753025	TRUE
972.5	973	0.998786923482331	TRUE
973	973.5	0.998753051479425	TRUE
973.5	974	0.998722880838023	TRUE
974	974.5	0.998657344668358	TRUE
974.5	975	0.998573491880887	TRUE
975	975.5	0.998527009205912	TRUE
975.5	976	0.99852118783791	TRUE
976	976.5	0.998529467276084	TRUE
976.5	977	0.998526191101302	TRUE
977	977.5	0.99846524375868	TRUE
977.5	978	0.998303742839042	TRUE
978	978.5	0.998089041036566	TRUE
978.5	979	0.997896180305746	TRUE
979	979.5	0.997720539211782	TRUE
979.5	980	0.997527663834442	TRUE
980	980.5	0.997351803946581	TRUE
980.5	981	0.997227345706546	TRUE
981	981.5	0.997106689770177	TRUE
981.5	982	0.996981831597137	TRUE
982	982.5	0.996945805404028	TRUE
982.5	983	0.997059491633026	TRUE
983	983.5	0.99725616704672	TRUE
983.5	984	0.997435829371181	TRUE
984	984.5	0.997532159326479	TRUE
984.5	985	0.997529615782047	TRUE
985	985.5	0.997530117465645	TRUE
985.5	986	0.997680822644362	TRUE
986	986.5	0.99798340597621	TRUE
986.5	987	0.998297279675671	TRUE
987	987.5	0.998534046520859	TRUE
987.5	988	0.99870015845808	TRUE
988	988.5	0.998799566702503	TRUE
988.5	989	0.998826907954847	TRUE
989	989.5	0.998810377277767	TRUE
989.5	990	0.998760434011933	TRUE
990	990.5	0.998661322113548	TRUE
990.5	991	0.998531599186136	TRUE
991	991.5	0.998422265098531	TRUE
991.5	992	0.998324777971117	TRUE
992	992.5	0.998223142768316	TRUE
992.5	993	0.998152060017269	TRUE
993	993.5	0.998135341095065	TRUE
993.5	994	0.998164828234973	TRUE
994	994.5	0.998240279943641	TRUE
994.5	995	0.998367155678817	TRUE
995	995.5	0.998523720975178	TRUE
995.5	996	0.998665095867614	TRUE
996	996.5	0.998793660299554	TRUE
996.5	997	0.998921625578811	TRUE
997	997.5	0.999060474258448	TRUE
997.5	998	0.999206340540769	TRUE
998	998.5	0.999351585923013	TRUE
998.5	999	0.999479934327408	TRUE
999	999.5	0.99957401634442	TRUE
999.5	1000	0.999629778587816	TRUE
1000	1000.5	0.9996470086476	TRUE
1000.5	1001	0.999617980537516	TRUE
1001	1001.5	0.999531797362686	TRUE
1001.5	1002	0.999399197564129	TRUE
1002	1002.5	0.999242895767913	TRUE
1002.5	1003	0.99909206265952	TRUE
1003	1003.5	0.998968459423714	TRUE
1003.5	1004	0.998905902158554	TRUE
1004	1004.5	0.998911645646118	TRUE
1004.5	1005	0.99897793150158	TRUE
1005	1005.5	0.999092246716623	TRUE
1005.5	1006	0.999232568158421	TRUE
1006	1006.5	0.999356300039645	TRUE
1006.5	1007	0.999433997723887	TRUE
1007	1007.5	0.999485585729063	TRUE
1007.5	1008	0.999529553220981	TRUE
1008	1008.5	0.999559362401896	TRUE
1008.5	1009	0.999584212617138	TRUE
1009	1009.5	0.999620968480957	TRUE
1009.5	1010	0.999651370447419	TRUE
1010	1010.5	0.999651170468651	TRUE
1010.5	1011	0.999632435206706	TRUE
1011	1011.5	0.999616873045033	TRUE
1011.5	1012	0.999603385095977	TRUE
1012	1012.5	0.999587790610427	TRUE
1012.5	1013	0.999574947144132	TRUE
1013	1013.5	0.999552533211419	TRUE
1013.5	1014	0.99950572729109	TRUE
1014	1014.5	0.999443407898953	TRUE
1014.5	1015	0.999374842105324	TRUE
1015	1015.5	0.999287626175497	TRUE
1015.5	1016	0.999185269760882	TRUE
1016	1016.5	0.999099379326627	TRUE
1016.5	1017	0.999035050032446	TRUE
1017	1017.5	0.998967482186337	TRUE
1017.5	1018	0.998881536285795	TRUE
1018	1018.5	0.998774929287461	TRUE
1018.5	1019	0.99865552959167	TRUE
1019	1019.5	0.998567860167222	TRUE
1019.5	1020	0.998564954623779	TRUE
1020	1020.5	0.998629355096211	TRUE
1020.5	1021	0.998684456431268	TRUE
1021	1021.5	0.998698278268579	TRUE
1021.5	1022	0.998695162268875	TRUE
1022	1022.5	0.998684418376777	TRUE
1022.5	1023	0.998653710955704	TRUE
1023	1023.5	0.998607099112968	TRUE
1023.5	1024	0.998558134797914	TRUE
1024	1024.5	0.998504569361691	TRUE
1024.5	1025	0.998455647248304	TRUE
1025	1025.5	0.998421597882064	TRUE
1025.5	1026	0.998378112053092	TRUE
1026	1026.5	0.998308501638921	TRUE
1026.5	1027	0.998264764107835	TRUE
1027	1027.5	0.998265570683459	TRUE
1027.5	1028	0.998224479169595	TRUE
1028	1028.5	0.998065660248588	TRUE
1028.5	1029	0.99777436699485	TRUE
1029	1029.5	0.997312054804899	TRUE
1029.5	1030	0.996586329762471	TRUE
1030	1030.5	0.995637848474383	TRUE
1030.5	1031	0.994671520128885	TRUE
1031	1031.5	0.993918161713435	TRUE
1031.5	1032	0.993547200484104	TRUE
1032	1032.5	0.993635853601131	TRUE
1032.5	1033	0.99410446715519	TRUE
1033	1033.5	0.994773876487937	TRUE
1033.5	1034	0.995545235558279	TRUE
1034	1034.5	0.996368782644209	TRUE
1034.5	1035	0.997127957843741	TRUE
1035	1035.5	0.997707971217284	TRUE
1035.5	1036	0.998113072674679	TRUE
1036	1036.5	0.998374585433096	TRUE
1036.5	1037	0.998484310236134	TRUE
1037	1037.5	0.998482766475276	TRUE
1037.5	1038	0.998490432875022	TRUE
1038	1038.5	0.998540814066899	TRUE
1038.5	1039	0.998554344184098	TRUE
1039	1039.5	0.998481584897003	TRUE
1039.5	1040	0.998341169435858	TRUE
1040	1040.5	0.998168615434312	TRUE
1040.5	1041	0.998039515769858	TRUE
1041	1041.5	0.998055581030966	TRUE
1041.5	1042	0.998212922365114	TRUE
1042	1042.5	0.998398789826438	TRUE
1042.5	1043	0.998568717409346	TRUE
1043	1043.5	0.998762142356466	TRUE
1043.5	1044	0.998948094065805	TRUE
1044	1044.5	0.999048275812628	TRUE
1044.5	1045	0.999093347174137	TRUE
1045	1045.5	0.999150370589581	TRUE
1045.5	1046	0.999204737250559	TRUE
1046	1046.5	0.999227212395358	TRUE
1046.5	1047	0.999216913578231	TRUE
1047	1047.5	0.999160200604573	TRUE
1047.5	1048	0.999043760609631	TRUE
1048	1048.5	0.998915003528033	TRUE
1048.5	1049	0.998827535237461	TRUE
1049	1049.5	0.998768626281328	TRUE
1049.5	1050	0.998723353794278	TRUE
1050	1050.5	0.998726514418403	TRUE
1050.5	1051	0.998780865685389	TRUE
1051	1051.5	0.998835842684368	TRUE
1051.5	1052	0.99887164912156	TRUE
1052	1052.5	0.99890416804004	TRUE
1052.5	1053	0.998940254402823	TRUE
1053	1053.5	0.998977144968793	TRUE
1053.5	1054	0.999031858718154	TRUE
1054	1054.5	0.999099803458926	TRUE
1054.5	1055	0.999158256268002	TRUE
1055	1055.5	0.999217842473176	TRUE
1055.5	1056	0.999300183330217	TRUE
1056	1056.5	0.999383269808575	TRUE
1056.5	1057	0.99942642679335	TRUE
1057	1057.5	0.999435642843167	TRUE
1057.5	1058	0.999429235970434	TRUE
1058	1058.5	0.9993811593226	TRUE
1058.5	1059	0.999233182338213	TRUE
1059	1059.5	0.998934668497943	TRUE
1059.5	1060	0.998454212221632	TRUE
1060	1060.5	0.997805241764219	TRUE
1060.5	1061	0.997098914958599	TRUE
1061	1061.5	0.996505978503971	TRUE
1061.5	1062	0.996153318135317	TRUE
1062	1062.5	0.996105475102982	TRUE
1062.5	1063	0.996412783086131	TRUE
1063	1063.5	0.996977485285318	TRUE
1063.5	1064	0.997596084083084	TRUE
1064	1064.5	0.998095964756902	TRUE
1064.5	1065	0.998438113772404	TRUE
1065	1065.5	0.998647268580248	TRUE
1065.5	1066	0.998757212753238	TRUE
1066	1066.5	0.998802451757199	TRUE
1066.5	1067	0.998797212974989	TRUE
1067	1067.5	0.998752454249241	TRUE
1067.5	1068	0.998709004337252	TRUE
1068	1068.5	0.998710924548626	TRUE
1068.5	1069	0.998728762904926	TRUE
1069	1069.5	0.998709069365582	TRUE
1069.5	1070	0.998665159559723	TRUE
1070	1070.5	0.998654944635689	TRUE
1070.5	1071	0.998683322719532	TRUE
1071	1071.5	0.998730676582435	TRUE
1071.5	1072	0.998795503684489	TRUE
1072	1072.5	0.998876184233658	TRUE
1072.5	1073	0.998948246089187	TRUE
1073	1073.5	0.999006443380835	TRUE
1073.5	1074	0.999082362984725	TRUE
1074	1074.5	0.999184896487468	TRUE
1074.5	1075	0.999291562500385	TRUE
1075	1075.5	0.999375326498537	TRUE
1075.5	1076	0.999409493729741	TRUE
1076	1076.5	0.999374314253677	TRUE
1076.5	1077	0.999306114430764	TRUE
1077	1077.5	0.999277560411459	TRUE
1077.5	1078	0.999287207606543	TRUE
1078	1078.5	0.999259583268596	TRUE
1078.5	1079	0.999172981963705	TRUE
1079	1079.5	0.999091806016099	TRUE
1079.5	1080	0.999051160235528	TRUE
1080	1080.5	0.99903093485805	TRUE
1080.5	1081	0.999033965392849	TRUE
1081	1081.5	0.999077230060224	TRUE
1081.5	1082	0.999151672852557	TRUE
1082	1082.5	0.999242674409901	TRUE
1082.5	1083	0.999338244093988	TRUE
1083	1083.5	0.999394941992208	TRUE
1083.5	1084	0.999381830513088	TRUE
1084	1084.5	0.999333448160598	TRUE
1084.5	1085	0.999286309282071	TRUE
1085	1085.5	0.999219039996522	TRUE
1085.5	1086	0.999130361586525	TRUE
1086	1086.5	0.999068797451985	TRUE
1086.5	1087	0.999036347950642	TRUE
1087	1087.5	0.999000521956126	TRUE
1087.5	1088	0.998981405993158	TRUE
1088	1088.5	0.998997813034624	TRUE
1088.5	1089	0.998981247160326	TRUE
1089	1089.5	0.998901597251498	TRUE
1089.5	1090	0.99882555756507	TRUE
1090	1090.5	0.998777384186238	TRUE
1090.5	1091	0.998701237150221	TRUE
1091	1091.5	0.998585110937379	TRUE
1091.5	1092	0.99847763224689	TRUE
1092	1092.5	0.9983717822933	TRUE
1092.5	1093	0.998272649002201	TRUE
1093	1093.5	0.998251648813504	TRUE
1093.5	1094	0.998304913345869	TRUE
1094	1094.5	0.998312812703129	TRUE
1094.5	1095	0.998275551683598	TRUE
1095	1095.5	0.998285068306921	TRUE
1095.5	1096	0.998309855623464	TRUE
1096	1096.5	0.998281154704384	TRUE
1096.5	1097	0.998237048327404	TRUE
1097	1097.5	0.998202836991957	TRUE
1097.5	1098	0.998105391447543	TRUE
1098	1098.5	0.997960711209713	TRUE
1098.5	1099	0.997862899179866	TRUE
1099	1099.5	0.99775105295964	TRUE
1099.5	1100	0.997476745991516	TRUE
1100	1100.5	0.997059430943046	TRUE
1100.5	1101	0.996625103171947	TRUE
1101	1101.5	0.996226185080911	TRUE
1101.5	1102	0.995923256757729	TRUE
1102	1102.5	0.995807409007245	TRUE
1102.5	1103	0.995863344217684	TRUE
1103	1103.5	0.996014515577426	TRUE
1103.5	1104	0.996312501276238	TRUE
1104	1104.5	0.996786854544393	TRUE
1104.5	1105	0.997298222290308	TRUE
1105	1105.5	0.997712547438829	TRUE
1105.5	1106	0.998023427332453	TRUE
1106	1106.5	0.998231309476416	TRUE
1106.5	1107	0.998311039714064	TRUE
1107	1107.5	0.998325973131086	TRUE
1107.5	1108	0.998387258542955	TRUE
1108	1108.5	0.998509554045459	TRUE
1108.5	1109	0.998634791655088	TRUE
1109	1109.5	0.998738027973673	TRUE
1109.5	1110	0.998810984398853	TRUE
1110	1110.5	0.998828286069359	TRUE
1110.5	1111	0.998813645944957	TRUE
1111	1111.5	0.998831993977488	TRUE
1111.5	1112	0.998901512501599	TRUE
1112	1112.5	0.998994748967285	TRUE
1112.5	1113	0.999096294971365	TRUE
1113	1113.5	0.999189588171738	TRUE
1113.5	1114	0.999240760366564	TRUE
1114	1114.5	0.999256246308766	TRUE
1114.5	1115	0.99928659765388	TRUE
1115	1115.5	0.999350631910334	TRUE
1115.5	1116	0.999419140613521	TRUE
1116	1116.5	0.999473911598718	TRUE
1116.5	1117	0.999519410939354	TRUE
1117	1117.5	0.999552731901705	TRUE
1117.5	1118	0.999569811681751	TRUE
1118	1118.5	0.999584838056705	TRUE
1118.5	1119	0.999606033501002	TRUE
1119	1119.5	0.999627615839505	TRUE
1119.5	1120	0.999647117054245	TRUE
1120	1120.5	0.999669407181734	TRUE
1120.5	1121	0.999687420990475	TRUE
1121	1121.5	0.99969359285844	TRUE
1121.5	1122	0.999696237805375	TRUE
1122	1122.5	0.999703078721901	TRUE
1122.5	1123	0.999710113378249	TRUE
1123	1123.5	0.999714466408634	TRUE
1123.5	1124	0.999721107908841	TRUE
1124	1124.5	0.99972604634666	TRUE
1124.5	1125	0.999722148014329	TRUE
1125	1125.5	0.999717009596319	TRUE
1125.5	1126	0.999721154109265	TRUE
1126	1126.5	0.99973263841165	TRUE
1126.5	1127	0.999742951746583	TRUE
1127	1127.5	0.999752288119214	TRUE
1127.5	1128	0.999759853494742	TRUE
1128	1128.5	0.999759833924971	TRUE
1128.5	1129	0.999751980194099	TRUE
1129	1129.5	0.999741896556423	TRUE
1129.5	1130	0.999730489926173	TRUE
1130	1130.5	0.999717742039169	TRUE
1130.5	1131	0.999709903970684	TRUE
1131	1131.5	0.999709385058384	TRUE
1131.5	1132	0.999707022208273	TRUE
1132	1132.5	0.999700339011002	TRUE
1132.5	1133	0.9996997012942	TRUE
1133	1133.5	0.999708360838251	TRUE
1133.5	1134	0.999716305892033	TRUE
1134	1134.5	0.999717879861775	TRUE
1134.5	1135	0.99971675222035	TRUE
1135	1135.5	0.999710945765275	TRUE
1135.5	1136	0.999697227133334	TRUE
1136	1136.5	0.999684972722899	TRUE
1136.5	1137	0.999679477515072	TRUE
1137	1137.5	0.999677593418934	TRUE
1137.5	1138	0.999679187150745	TRUE
1138	1138.5	0.999688067792894	TRUE
1138.5	1139	0.999698241424427	TRUE
1139	1139.5	0.999703233092403	TRUE
1139.5	1140	0.999709757309257	TRUE
1140	1140.5	0.999725043401649	TRUE
1140.5	1141	0.999738565366874	TRUE
1141	1141.5	0.999739449177895	TRUE
1141.5	1142	0.999732053839991	TRUE
1142	1142.5	0.999722103504999	TRUE
1142.5	1143	0.999713345373511	TRUE
1143	1143.5	0.999713279629854	TRUE
1143.5	1144	0.999720165710906	TRUE
1144	1144.5	0.999718681176794	TRUE
1144.5	1145	0.999703433924691	TRUE
1145	1145.5	0.999690928624272	TRUE
1145.5	1146	0.999691719191416	TRUE
1146	1146.5	0.999695960758656	TRUE
1146.5	1147	0.99970089810538	TRUE
1147	1147.5	0.999716801923494	TRUE
1147.5	1148	0.999740047779962	TRUE
1148	1148.5	0.999760031607484	TRUE
1148.5	1149	0.999775647092107	TRUE
1149	1149.5	0.999784533576005	TRUE
1149.5	1150	0.999777572581393	TRUE
1150	1150.5	0.999761701559097	TRUE
1150.5	1151	0.999756333281799	TRUE
1151	1151.5	0.999760054540629	TRUE
1151.5	1152	0.99975608996875	TRUE
1152	1152.5	0.999746491337917	TRUE
1152.5	1153	0.999745053565537	TRUE
1153	1153.5	0.999747950161188	TRUE
1153.5	1154	0.999745875940348	TRUE
1154	1154.5	0.999744376813771	TRUE
1154.5	1155	0.999749848635599	TRUE
1155	1155.5	0.999758791734782	TRUE
1155.5	1156	0.999770317683073	TRUE
1156	1156.5	0.999777592318584	TRUE
1156.5	1157	0.999763784304912	TRUE
1157	1157.5	0.999732167180061	TRUE
1157.5	1158	0.999709102668743	TRUE
1158	1158.5	0.999706359337693	TRUE
1158.5	1159	0.999705214303954	TRUE
1159	1159.5	0.999698364715363	TRUE
1159.5	1160	0.999701229917131	TRUE
1160	1160.5	0.999709480958106	TRUE
1160.5	1161	0.999703182558977	TRUE
1161	1161.5	0.999685676155664	TRUE
1161.5	1162	0.999672399958342	TRUE
1162	1162.5	0.999659208590008	TRUE
1162.5	1163	0.999645166859639	TRUE
1163	1163.5	0.999644390933132	TRUE
1163.5	1164	0.999655382308493	TRUE
1164	1164.5	0.999655090528874	TRUE
1164.5	1165	0.999641534774543	TRUE
1165	1165.5	0.999637579666632	TRUE
1165.5	1166	0.999644634192068	TRUE
1166	1166.5	0.999647627462697	TRUE
1166.5	1167	0.999643346884953	TRUE
1167	1167.5	0.999629517539012	TRUE
1167.5	1168	0.99959916161716	TRUE
1168	1168.5	0.999566661372142	TRUE
1168.5	1169	0.999555850302835	TRUE
1169	1169.5	0.999549116643435	TRUE
1169.5	1170	0.999523188257899	TRUE
1170	1170.5	0.999501789094602	TRUE
1170.5	1171	0.999507132613861	TRUE
1171	1171.5	0.999510398049424	TRUE
1171.5	1172	0.99949296506637	TRUE
1172	1172.5	0.999484897739765	TRUE
1172.5	1173	0.999498869913024	TRUE
1173	1173.5	0.999515450599825	TRUE
1173.5	1174	0.999532407926448	TRUE
1174	1174.5	0.999547897406006	TRUE
1174.5	1175	0.999536421831665	TRUE
1175	1175.5	0.999500472068358	TRUE
1175.5	1176	0.999482126714342	TRUE
1176	1176.5	0.999487408879658	TRUE
1176.5	1177	0.999483854333428	TRUE
1177	1177.5	0.999467530777895	TRUE
1177.5	1178	0.999447575374831	TRUE
1178	1178.5	0.999410775007855	TRUE
1178.5	1179	0.999359959293011	TRUE
1179	1179.5	0.999335182047672	TRUE
1179.5	1180	0.999339180288157	TRUE
1180	1180.5	0.999316987695844	TRUE
1180.5	1181	0.999246516939774	TRUE
1181	1181.5	0.999170417291559	TRUE
1181.5	1182	0.999126896034248	TRUE
1182	1182.5	0.999116875612702	TRUE
1182.5	1183	0.99914837360223	TRUE
1183	1183.5	0.999214227044746	TRUE
1183.5	1184	0.999264155044298	TRUE
1184	1184.5	0.999280014373221	TRUE
1184.5	1185	0.999300365901873	TRUE
1185	1185.5	0.999328612148563	TRUE
1185.5	1186	0.999320994168456	TRUE
1186	1186.5	0.999289570669586	TRUE
1186.5	1187	0.999287427120617	TRUE
1187	1187.5	0.999304921842724	TRUE
1187.5	1188	0.999301494752194	TRUE
1188	1188.5	0.999290837327846	TRUE
1188.5	1189	0.999290845669226	TRUE
1189	1189.5	0.999290443679048	TRUE
1189.5	1190	0.999293743182177	TRUE
1190	1190.5	0.999315726686627	TRUE
1190.5	1191	0.999321818909655	TRUE
1191	1191.5	0.999282104204092	TRUE
1191.5	1192	0.999238743631471	TRUE
1192	1192.5	0.999216273491589	TRUE
1192.5	1193	0.99917158345695	TRUE
1193	1193.5	0.999104507192945	TRUE
1193.5	1194	0.999092604398121	TRUE
1194	1194.5	0.999140306533801	TRUE
1194.5	1195	0.999166203988911	TRUE
1195	1195.5	0.999158407434119	TRUE
1195.5	1196	0.999171993558757	TRUE
1196	1196.5	0.999199152588508	TRUE
1196.5	1197	0.999189167619431	TRUE
1197	1197.5	0.999158625119628	TRUE
1197.5	1198	0.999134919085	TRUE
1198	1198.5	0.999097176512119	TRUE
1198.5	1199	0.999045368538274	TRUE
1199	1199.5	0.999021174639551	TRUE
1199.5	1200	0.999021400446869	TRUE
1200	1200.5	0.999025135715377	TRUE
1200.5	1201	0.999049270119142	TRUE
1201	1201.5	0.999075273319457	TRUE
1201.5	1202	0.999026346752611	TRUE
1202	1202.5	0.998900615436486	TRUE
1202.5	1203	0.998818431181084	TRUE
1203	1203.5	0.998827987476293	TRUE
1203.5	1204	0.998863943703028	TRUE
1204	1204.5	0.998884040310852	TRUE
1204.5	1205	0.998898243021985	TRUE
1205	1205.5	0.998868467889328	TRUE
1205.5	1206	0.998792387413355	TRUE
1206	1206.5	0.998770133446856	TRUE
1206.5	1207	0.998839047179063	TRUE
1207	1207.5	0.998903860879469	TRUE
1207.5	1208	0.998914753997229	TRUE
1208	1208.5	0.998897228660434	TRUE
1208.5	1209	0.998841177007889	TRUE
1209	1209.5	0.99876037090536	TRUE
1209.5	1210	0.998746392938062	TRUE
1210	1210.5	0.998802667814287	TRUE
1210.5	1211	0.998815916425406	TRUE
1211	1211.5	0.998775426341377	TRUE
1211.5	1212	0.998782812148867	TRUE
1212	1212.5	0.998838160016244	TRUE
1212.5	1213	0.998869098048474	TRUE
1213	1213.5	0.998901939152126	TRUE
1213.5	1214	0.998958965383549	TRUE
1214	1214.5	0.998970135924887	TRUE
1214.5	1215	0.998927789979693	TRUE
1215	1215.5	0.998901264620076	TRUE
1215.5	1216	0.998871683410829	TRUE
1216	1216.5	0.998785749723792	TRUE
1216.5	1217	0.998692702530186	TRUE
1217	1217.5	0.998654607008496	TRUE
1217.5	1218	0.998640681090616	TRUE
1218	1218.5	0.99861149278209	TRUE
1218.5	1219	0.998583626754721	TRUE
1219	1219.5	0.998542162330829	TRUE
1219.5	1220	0.998468941189637	TRUE
1220	1220.5	0.998444429089193	TRUE
1220.5	1221	0.998540365093192	TRUE
1221	1221.5	0.998658919387707	TRUE
1221.5	1222	0.998666921458551	TRUE
1222	1222.5	0.998583596699388	TRUE
1222.5	1223	0.998507942722339	TRUE
1223	1223.5	0.99844184238485	TRUE
1223.5	1224	0.998354950265606	TRUE
1224	1224.5	0.998261440089577	TRUE
1224.5	1225	0.99815458613714	TRUE
1225	1225.5	0.997988104492084	TRUE
1225.5	1226	0.997786503637411	TRUE
1226	1226.5	0.997611888170114	TRUE
1226.5	1227	0.997416674617883	TRUE
1227	1227.5	0.997199591815366	TRUE
1227.5	1228	0.997123005547976	TRUE
1228	1228.5	0.997282727428645	TRUE
1228.5	1229	0.99751035125717	TRUE
1229	1229.5	0.997646764490436	TRUE
1229.5	1230	0.99771470607879	TRUE
1230	1230.5	0.997762396358683	TRUE
1230.5	1231	0.997788195984836	TRUE
1231	1231.5	0.997850186121848	TRUE
1231.5	1232	0.997922316604963	TRUE
1232	1232.5	0.997885760570355	TRUE
1232.5	1233	0.997745988318496	TRUE
1233	1233.5	0.997565499584684	TRUE
1233.5	1234	0.997251837337274	TRUE
1234	1234.5	0.996763178708711	TRUE
1234.5	1235	0.996367793092732	TRUE
1235	1235.5	0.996361345074742	TRUE
1235.5	1236	0.996677536006091	TRUE
1236	1236.5	0.997073999285625	TRUE
1236.5	1237	0.997428089528762	TRUE
1237	1237.5	0.997686399875933	TRUE
1237.5	1238	0.997847825555061	TRUE
1238	1238.5	0.998030891406133	TRUE
1238.5	1239	0.998308379955964	TRUE
1239	1239.5	0.998566108815337	TRUE
1239.5	1240	0.998683086706915	TRUE
1240	1240.5	0.998682487021114	TRUE
1240.5	1241	0.998601432812599	TRUE
1241	1241.5	0.998454622931212	TRUE
1241.5	1242	0.998340241419589	TRUE
1242	1242.5	0.998345996099395	TRUE
1242.5	1243	0.998418375729409	TRUE
1243	1243.5	0.998473521638922	TRUE
1243.5	1244	0.998542924038069	TRUE
1244	1244.5	0.998649913292337	TRUE
1244.5	1245	0.998757338955802	TRUE
1245	1245.5	0.998852120110078	TRUE
1245.5	1246	0.998953139703956	TRUE
1246	1246.5	0.999034057240145	TRUE
1246.5	1247	0.999065199708441	TRUE
1247	1247.5	0.999083280622501	TRUE
1247.5	1248	0.999113579436072	TRUE
1248	1248.5	0.999117730322687	TRUE
1248.5	1249	0.999092463606717	TRUE
1249	1249.5	0.999100868459817	TRUE
1249.5	1250	0.999156989442571	TRUE
1250	1250.5	0.99920592652794	TRUE
1250.5	1251	0.999222631676169	TRUE
1251	1251.5	0.999236584874958	TRUE
1251.5	1252	0.999260152902347	TRUE
1252	1252.5	0.999278980604069	TRUE
1252.5	1253	0.999302170749769	TRUE
1253	1253.5	0.99932586953651	TRUE
1253.5	1254	0.999318441331686	TRUE
1254	1254.5	0.999286328839944	TRUE
1254.5	1255	0.999283168953843	TRUE
1255	1255.5	0.999310704415782	TRUE
1255.5	1256	0.999330700578885	TRUE
1256	1256.5	0.999350500343703	TRUE
1256.5	1257	0.999388603029074	TRUE
1257	1257.5	0.99941790159896	TRUE
1257.5	1258	0.999427458431667	TRUE
1258	1258.5	0.999447747726337	TRUE
1258.5	1259	0.999468208407121	TRUE
1259	1259.5	0.999449426706455	TRUE
1259.5	1260	0.99941339344922	TRUE
1260	1260.5	0.999414165124399	TRUE
1260.5	1261	0.999445708789571	TRUE
1261	1261.5	0.999470246028456	TRUE
1261.5	1262	0.999480091070189	TRUE
1262	1262.5	0.999474020221387	TRUE
1262.5	1263	0.999441893344483	TRUE
1263	1263.5	0.999396057284249	TRUE
1263.5	1264	0.999364680882513	TRUE
1264	1264.5	0.999331787741611	TRUE
1264.5	1265	0.999275841254797	TRUE
1265	1265.5	0.999233529081328	TRUE
1265.5	1266	0.999241174178081	TRUE
1266	1266.5	0.999271872486815	TRUE
1266.5	1267	0.999285924122093	TRUE
1267	1267.5	0.999286406179182	TRUE
1267.5	1268	0.999281283928601	TRUE
1268	1268.5	0.999268547360545	TRUE
1268.5	1269	0.999272622445911	TRUE
1269	1269.5	0.99930553081968	TRUE
1269.5	1270	0.999335026846169	TRUE
1270	1270.5	0.99934442246393	TRUE
1270.5	1271	0.999358778613592	TRUE
1271	1271.5	0.999385618354662	TRUE
1271.5	1272	0.999404870373033	TRUE
1272	1272.5	0.999424179015539	TRUE
1272.5	1273	0.999459486520221	TRUE
1273	1273.5	0.99948317536367	TRUE
1273.5	1274	0.99947585558356	TRUE
1274	1274.5	0.999468610255202	TRUE
1274.5	1275	0.999483015159918	TRUE
1275	1275.5	0.999501442516772	TRUE
1275.5	1276	0.999513352362939	TRUE
1276	1276.5	0.999524097927568	TRUE
1276.5	1277	0.999517182650521	TRUE
1277	1277.5	0.99948681638029	TRUE
1277.5	1278	0.999471474735049	TRUE
1278	1278.5	0.999497888271322	TRUE
1278.5	1279	0.999532742646748	TRUE
1279	1279.5	0.999550236480945	TRUE
1279.5	1280	0.999560462683069	TRUE
1280	1280.5	0.999566990412393	TRUE
1280.5	1281	0.999555846982193	TRUE
1281	1281.5	0.999538005475037	TRUE
1281.5	1282	0.999535083524531	TRUE
1282	1282.5	0.999535887540746	TRUE
1282.5	1283	0.9995229313697	TRUE
1283	1283.5	0.999504136932837	TRUE
1283.5	1284	0.999491241623095	TRUE
1284	1284.5	0.99948271002934	TRUE
1284.5	1285	0.999490725177748	TRUE
1285	1285.5	0.999523921703199	TRUE
1285.5	1286	0.999558293410637	TRUE
1286	1286.5	0.999572245365528	TRUE
1286.5	1287	0.999582070359772	TRUE
1287	1287.5	0.999600205631015	TRUE
1287.5	1288	0.99960815784193	TRUE
1288	1288.5	0.999603534812075	TRUE
1288.5	1289	0.999610568748855	TRUE
1289	1289.5	0.999628195973722	TRUE
1289.5	1290	0.999626007100017	TRUE
1290	1290.5	0.999598476518625	TRUE
1290.5	1291	0.999570305320303	TRUE
1291	1291.5	0.99955871054123	TRUE
1291.5	1292	0.9995682992106	TRUE
1292	1292.5	0.999598624205143	TRUE
1292.5	1293	0.999628423752591	TRUE
1293	1293.5	0.999633345719293	TRUE
1293.5	1294	0.999631034353237	TRUE
1294	1294.5	0.99964971024537	TRUE
1294.5	1295	0.999676350018237	TRUE
1295	1295.5	0.999687051070028	TRUE
1295.5	1296	0.999690776377848	TRUE
1296	1296.5	0.99969800728637	TRUE
1296.5	1297	0.999696040682788	TRUE
1297	1297.5	0.999683228480465	TRUE
1297.5	1298	0.9996765452028	TRUE
1298	1298.5	0.999681035664091	TRUE
1298.5	1299	0.99968893585864	TRUE
1299	1299.5	0.999701514608793	TRUE
1299.5	1300	0.999714188562717	TRUE
1300	1300.5	0.999711962499594	TRUE
1300.5	1301	0.999702798369425	TRUE
1301	1301.5	0.999710849513788	TRUE
1301.5	1302	0.999735950100326	TRUE
1302	1302.5	0.999759569981581	TRUE
1302.5	1303	0.999777776617295	TRUE
1303	1303.5	0.999796058946888	TRUE
1303.5	1304	0.999806328212758	TRUE
1304	1304.5	0.999800943498364	TRUE
1304.5	1305	0.999788488463113	TRUE
1305	1305.5	0.99977913373024	TRUE
1305.5	1306	0.999773383572393	TRUE
1306	1306.5	0.999770092481443	TRUE
1306.5	1307	0.999768725409725	TRUE
1307	1307.5	0.999763513031985	TRUE
1307.5	1308	0.99975439141665	TRUE
1308	1308.5	0.999754828720257	TRUE
1308.5	1309	0.999767710692123	TRUE
1309	1309.5	0.999776582599718	TRUE
1309.5	1310	0.999773969309389	TRUE
1310	1310.5	0.999772991241263	TRUE
1310.5	1311	0.999778105549405	TRUE
1311	1311.5	0.999779099036678	TRUE
1311.5	1312	0.9997758584914	TRUE
1312	1312.5	0.999776733597263	TRUE
1312.5	1313	0.999779989956249	TRUE
1313	1313.5	0.999783548155255	TRUE
1313.5	1314	0.999793417679264	TRUE
1314	1314.5	0.999804257230573	TRUE
1314.5	1315	0.99980093622926	TRUE
1315	1315.5	0.99978272432591	TRUE
1315.5	1316	0.999757845062201	TRUE
1316	1316.5	0.999726485563144	TRUE
1316.5	1317	0.999694440225111	TRUE
1317	1317.5	0.999684118298134	TRUE
1317.5	1318	0.999702793297686	TRUE
1318	1318.5	0.999731051455564	TRUE
1318.5	1319	0.999750698274386	TRUE
1319	1319.5	0.999763095458202	TRUE
1319.5	1320	0.999769728034073	TRUE
1320	1320.5	0.999772310061233	TRUE
1320.5	1321	0.999779645934322	TRUE
1321	1321.5	0.999796087576732	TRUE
1321.5	1322	0.999812848048958	TRUE
1322	1322.5	0.999821886898942	TRUE
1322.5	1323	0.999826046834398	TRUE
1323	1323.5	0.999826047340489	TRUE
1323.5	1324	0.999821886449197	TRUE
1324	1324.5	0.999822471982026	TRUE
1324.5	1325	0.999832344422878	TRUE
1325	1325.5	0.999838539196677	TRUE
1325.5	1326	0.999833036455179	TRUE
1326	1326.5	0.999827970435266	TRUE
1326.5	1327	0.999833209245278	TRUE
1327	1327.5	0.999841050100449	TRUE
1327.5	1328	0.999845869140642	TRUE
1328	1328.5	0.999851325753126	TRUE
1328.5	1329	0.999856186644868	TRUE
1329	1329.5	0.999858007143526	TRUE
1329.5	1330	0.999861997717341	TRUE
1330	1330.5	0.999869730043358	TRUE
1330.5	1331	0.999870200503753	TRUE
1331	1331.5	0.999860426574221	TRUE
1331.5	1332	0.999853324879358	TRUE
1332	1332.5	0.999854908445931	TRUE
1332.5	1333	0.999857393128588	TRUE
1333	1333.5	0.999855472724865	TRUE
1333.5	1334	0.999850408419623	TRUE
1334	1334.5	0.999842581233309	TRUE
1334.5	1335	0.999837736025986	TRUE
1335	1335.5	0.999841463765715	TRUE
1335.5	1336	0.999847823396048	TRUE
1336	1336.5	0.999848212957577	TRUE
1336.5	1337	0.999848317309304	TRUE
1337	1337.5	0.999852848761684	TRUE
1337.5	1338	0.999850574051337	TRUE
1338	1338.5	0.999837146793477	TRUE
1338.5	1339	0.999825776207422	TRUE
1339	1339.5	0.999824177369371	TRUE
1339.5	1340	0.999823868712488	TRUE
1340	1340.5	0.999821741460871	TRUE
1340.5	1341	0.999824680394391	TRUE
1341	1341.5	0.999832450652337	TRUE
1341.5	1342	0.999835401158255	TRUE
1342	1342.5	0.999832314454666	TRUE
1342.5	1343	0.999826204300846	TRUE
1343	1343.5	0.999814404958228	TRUE
1343.5	1344	0.999800148569094	TRUE
1344	1344.5	0.999795979319736	TRUE
1344.5	1345	0.999804188033352	TRUE
1345	1345.5	0.999810530508904	TRUE
1345.5	1346	0.999806095471225	TRUE
1346	1346.5	0.99979639416067	TRUE
1346.5	1347	0.999784311105921	TRUE
1347	1347.5	0.999769985710435	TRUE
1347.5	1348	0.99976279038448	TRUE
1348	1348.5	0.999768525683124	TRUE
1348.5	1349	0.999776703984556	TRUE
1349	1349.5	0.99978182151973	TRUE
1349.5	1350	0.999783702836077	TRUE
1350	1350.5	0.999774803004244	TRUE
1350.5	1351	0.999750832772484	TRUE
1351	1351.5	0.999730882068949	TRUE
1351.5	1352	0.999734923649519	TRUE
1352	1352.5	0.999751181446596	TRUE
1352.5	1353	0.999758616158502	TRUE
1353	1353.5	0.999754794804395	TRUE
1353.5	1354	0.999741260535138	TRUE
1354	1354.5	0.999709624764165	TRUE
1354.5	1355	0.99966929699393	TRUE
1355	1355.5	0.999648386726824	TRUE
1355.5	1356	0.999651569522728	TRUE
1356	1356.5	0.999653918874212	TRUE
1356.5	1357	0.99964292628719	TRUE
1357	1357.5	0.999618308374348	TRUE
1357.5	1358	0.999575970470616	TRUE
1358	1358.5	0.999527552349082	TRUE
1358.5	1359	0.999504295635986	TRUE
1359	1359.5	0.999510195180366	TRUE
1359.5	1360	0.999512952497732	TRUE
1360	1360.5	0.999497064493737	TRUE
1360.5	1361	0.999462332611101	TRUE
1361	1361.5	0.999401133805871	TRUE
1361.5	1362	0.999328232290818	TRUE
1362	1362.5	0.999291059964436	TRUE
1362.5	1363	0.999301729108823	TRUE
1363	1363.5	0.999316842054199	TRUE
1363.5	1364	0.999320713725214	TRUE
1364	1364.5	0.999318843947058	TRUE
1364.5	1365	0.999292984655583	TRUE
1365	1365.5	0.999243846333079	TRUE
1365.5	1366	0.999222601719447	TRUE
1366	1366.5	0.999250960802136	TRUE
1366.5	1367	0.999288976486574	TRUE
1367	1367.5	0.999312214046014	TRUE
1367.5	1368	0.999331204735018	TRUE
1368	1368.5	0.999345828228244	TRUE
1368.5	1369	0.999339397602799	TRUE
1369	1369.5	0.999326824890976	TRUE
1369.5	1370	0.999328243760104	TRUE
1370	1370.5	0.999331778442999	TRUE
1370.5	1371	0.999328352694161	TRUE
1371	1371.5	0.999327830028937	TRUE
1371.5	1372	0.999327684842169	TRUE
1372	1372.5	0.999325387697899	TRUE
1372.5	1373	0.999357170149354	TRUE
1373	1373.5	0.999442191718781	TRUE
1373.5	1374	0.999530909888206	TRUE
1374	1374.5	0.999574377337677	TRUE
1374.5	1375	0.99958797752214	TRUE
1375	1375.5	0.999592049349047	TRUE
1375.5	1376	0.999585313779313	TRUE
1376	1376.5	0.999580357425412	TRUE
1376.5	1377	0.999596223687677	TRUE
1377	1377.5	0.999611897006395	TRUE
1377.5	1378	0.999601780437412	TRUE
1378	1378.5	0.99957969990813	TRUE
1378.5	1379	0.999552634787476	TRUE
1379	1379.5	0.999507056632048	TRUE
1379.5	1380	0.99946232469734	TRUE
1380	1380.5	0.999462145846125	TRUE
1380.5	1381	0.999502215921119	TRUE
1381	1381.5	0.999530322412164	TRUE
1381.5	1382	0.999515443416143	TRUE
1382	1382.5	0.999453161746652	TRUE
1382.5	1383	0.999357470752478	TRUE
1383	1383.5	0.999263332970445	TRUE
1383.5	1384	0.99921788131673	TRUE
1384	1384.5	0.999231415789819	TRUE
1384.5	1385	0.99927257060102	TRUE
1385	1385.5	0.999316326434142	TRUE
1385.5	1386	0.9993563174053	TRUE
1386	1386.5	0.999386858137824	TRUE
1386.5	1387	0.999418303379007	TRUE
1387	1387.5	0.999473844105916	TRUE
1387.5	1388	0.999545244807789	TRUE
1388	1388.5	0.999589502193538	TRUE
1388.5	1389	0.999582343801012	TRUE
1389	1389.5	0.999550646294355	TRUE
1389.5	1390	0.999524135443398	TRUE
1390	1390.5	0.99951476675442	TRUE
1390.5	1391	0.999528383331795	TRUE
1391	1391.5	0.99955065550813	TRUE
1391.5	1392	0.999556763919685	TRUE
1392	1392.5	0.999546886578735	TRUE
1392.5	1393	0.999550578842058	TRUE
1393	1393.5	0.999573906038079	TRUE
1393.5	1394	0.999602336485067	TRUE
1394	1394.5	0.999633659019281	TRUE
1394.5	1395	0.999664010663936	TRUE
1395	1395.5	0.999668681901179	TRUE
1395.5	1396	0.999640508095795	TRUE
1396	1396.5	0.999613383266096	TRUE
1396.5	1397	0.999610043297618	TRUE
1397	1397.5	0.999615297662659	TRUE
1397.5	1398	0.999620079345774	TRUE
1398	1398.5	0.999637088622194	TRUE
1398.5	1399	0.999663493237525	TRUE
1399	1399.5	0.999684793097928	TRUE
1399.5	1400	0.999701158767026	TRUE
1400	1400.5	0.999718269153015	TRUE
1400.5	1401	0.999729353640722	TRUE
1401	1401.5	0.999729303652333	TRUE
1401.5	1402	0.999726524869993	TRUE
1402	1402.5	0.999721369089124	TRUE
1402.5	1403	0.999709327359416	TRUE
1403	1403.5	0.999700111057609	TRUE
1403.5	1404	0.999708809918823	TRUE
1404	1404.5	0.999730713695969	TRUE
1404.5	1405	0.999750954650802	TRUE
1405	1405.5	0.999762409635686	TRUE
1405.5	1406	0.999762286203798	TRUE
1406	1406.5	0.99974782427752	TRUE
1406.5	1407	0.999727199913364	TRUE
1407	1407.5	0.999715805579128	TRUE
1407.5	1408	0.999700436390945	TRUE
1408	1408.5	0.999654815330617	TRUE
1408.5	1409	0.99958848349208	TRUE
1409	1409.5	0.999541879096533	TRUE
1409.5	1410	0.999532966031731	TRUE
1410	1410.5	0.999553364737384	TRUE
1410.5	1411	0.999591614158096	TRUE
1411	1411.5	0.999633508160288	TRUE
1411.5	1412	0.99966441374935	TRUE
1412	1412.5	0.999691526544238	TRUE
1412.5	1413	0.999727974051941	TRUE
1413	1413.5	0.999757856942379	TRUE
1413.5	1414	0.999763561057349	TRUE
1414	1414.5	0.999758951750473	TRUE
1414.5	1415	0.999764667802229	TRUE
1415	1415.5	0.999770973961436	TRUE
1415.5	1416	0.999765716389517	TRUE
1416	1416.5	0.999757319930009	TRUE
1416.5	1417	0.999747156089181	TRUE
1417	1417.5	0.999732433234548	TRUE
1417.5	1418	0.999722187294722	TRUE
1418	1418.5	0.999723851278703	TRUE
1418.5	1419	0.999722483903329	TRUE
1419	1419.5	0.999711408415802	TRUE
1419.5	1420	0.999706983892791	TRUE
1420	1420.5	0.999710497796045	TRUE
1420.5	1421	0.99970509114115	TRUE
1421	1421.5	0.999689665722197	TRUE
1421.5	1422	0.999676418400083	TRUE
1422	1422.5	0.999661906511176	TRUE
1422.5	1423	0.999639869703258	TRUE
1423	1423.5	0.999617671013496	TRUE
1423.5	1424	0.999598509876016	TRUE
1424	1424.5	0.999574428892976	TRUE
1424.5	1425	0.999555059262914	TRUE
1425	1425.5	0.999555715066677	TRUE
1425.5	1426	0.999557277183226	TRUE
1426	1426.5	0.999534570535763	TRUE
1426.5	1427	0.999507712688403	TRUE
1427	1427.5	0.99950958906024	TRUE
1427.5	1428	0.999540667189584	TRUE
1428	1428.5	0.999583355136356	TRUE
1428.5	1429	0.999623286202901	TRUE
1429	1429.5	0.999640798616318	TRUE
1429.5	1430	0.999625162150876	TRUE
1430	1430.5	0.99960262491847	TRUE
1430.5	1431	0.999592677057359	TRUE
1431	1431.5	0.99956963044082	TRUE
1431.5	1432	0.999522748896423	TRUE
1432	1432.5	0.99949378373478	TRUE
1432.5	1433	0.999500283583228	TRUE
1433	1433.5	0.999507434913672	TRUE
1433.5	1434	0.999508748221916	TRUE
1434	1434.5	0.999518593972719	TRUE
1434.5	1435	0.999530652740236	TRUE
1435	1435.5	0.999527358351572	TRUE
1435.5	1436	0.999521268041992	TRUE
1436	1436.5	0.99951944037455	TRUE
1436.5	1437	0.999503535234176	TRUE
1437	1437.5	0.99948512722313	TRUE
1437.5	1438	0.999480741723658	TRUE
1438	1438.5	0.99946883759632	TRUE
1438.5	1439	0.999439544034476	TRUE
1439	1439.5	0.999424363234028	TRUE
1439.5	1440	0.999443763341281	TRUE
1440	1440.5	0.999458261446348	TRUE
1440.5	1441	0.99943913565434	TRUE
1441	1441.5	0.999411229097725	TRUE
1441.5	1442	0.999379105713797	TRUE
1442	1442.5	0.999313019472523	TRUE
1442.5	1443	0.99924320763401	TRUE
1443	1443.5	0.999238243424843	TRUE
1443.5	1444	0.999292675622294	TRUE
1444	1444.5	0.999342978452687	TRUE
1444.5	1445	0.999355849659344	TRUE
1445	1445.5	0.999329999865897	TRUE
1445.5	1446	0.999263625656189	TRUE
1446	1446.5	0.999192121123979	TRUE
1446.5	1447	0.999154988872329	TRUE
1447	1447.5	0.999107554474206	TRUE
1447.5	1448	0.998997061035255	TRUE
1448	1448.5	0.99887885490341	TRUE
1448.5	1449	0.998816772909672	TRUE
1449	1449.5	0.998777252386777	TRUE
1449.5	1450	0.998719567268424	TRUE
1450	1450.5	0.998679011418322	TRUE
1450.5	1451	0.998641517120451	TRUE
1451	1451.5	0.998518921408032	TRUE
1451.5	1452	0.998297963088807	TRUE
1452	1452.5	0.998011575875426	TRUE
1452.5	1453	0.997611118085699	TRUE
1453	1453.5	0.997100407580681	TRUE
1453.5	1454	0.996711555537019	TRUE
1454	1454.5	0.996648789330498	TRUE
1454.5	1455	0.996801109046367	TRUE
1455	1455.5	0.99692496265286	TRUE
1455.5	1456	0.996941248753588	TRUE
1456	1456.5	0.99688634738028	TRUE
1456.5	1457	0.996855428967941	TRUE
1457	1457.5	0.997047205915179	TRUE
1457.5	1458	0.997418663319485	TRUE
1458	1458.5	0.997673073129531	TRUE
1458.5	1459	0.997699724685942	TRUE
1459	1459.5	0.997656507223713	TRUE
1459.5	1460	0.997596869378716	TRUE
1460	1460.5	0.997472949745312	TRUE
1460.5	1461	0.997383351675397	TRUE
1461	1461.5	0.997422607663031	TRUE
1461.5	1462	0.997475799695925	TRUE
1462	1462.5	0.997441363440142	TRUE
1462.5	1463	0.997397248271673	TRUE
1463	1463.5	0.997324020222993	TRUE
1463.5	1464	0.99713389438077	TRUE
1464	1464.5	0.996940232375734	TRUE
1464.5	1465	0.99686239950138	TRUE
1465	1465.5	0.99685055396827	TRUE
1465.5	1466	0.99686798974343	TRUE
1466	1466.5	0.997034603491756	TRUE
1466.5	1467	0.99739133926999	TRUE
1467	1467.5	0.997781877326901	TRUE
1467.5	1468	0.998117913434412	TRUE
1468	1468.5	0.998395467765932	TRUE
1468.5	1469	0.998588692577824	TRUE
1469	1469.5	0.998677845281709	TRUE
1469.5	1470	0.998698714932544	TRUE
1470	1470.5	0.99870820193153	TRUE
1470.5	1471	0.998716833378265	TRUE
1471	1471.5	0.99873176943174	TRUE
1471.5	1472	0.998764711473267	TRUE
1472	1472.5	0.998766284601726	TRUE
1472.5	1473	0.998721692598856	TRUE
1473	1473.5	0.998718842383054	TRUE
1473.5	1474	0.998811649596469	TRUE
1474	1474.5	0.998913778728473	TRUE
1474.5	1475	0.998958904618747	TRUE
1475	1475.5	0.998996335391158	TRUE
1475.5	1476	0.999045486486698	TRUE
1476	1476.5	0.999064124282831	TRUE
1476.5	1477	0.999064224140596	TRUE
1477	1477.5	0.999089605848513	TRUE
1477.5	1478	0.999115118298801	TRUE
1478	1478.5	0.999100734504176	TRUE
1478.5	1479	0.999084715878373	TRUE
1479	1479.5	0.999123245328371	TRUE
1479.5	1480	0.999196949955704	TRUE
1480	1480.5	0.999258634570471	TRUE
1480.5	1481	0.999299488437959	TRUE
1481	1481.5	0.999315128213837	TRUE
1481.5	1482	0.999298920609484	TRUE
1482	1482.5	0.99928642731645	TRUE
1482.5	1483	0.999307208261223	TRUE
1483	1483.5	0.999335994830965	TRUE
1483.5	1484	0.999353445598077	TRUE
1484	1484.5	0.999379274898515	TRUE
1484.5	1485	0.999410583843438	TRUE
1485	1485.5	0.99942212525229	TRUE
1485.5	1486	0.999423270658215	TRUE
1486	1486.5	0.999432160168207	TRUE
1486.5	1487	0.999425985518879	TRUE
1487	1487.5	0.99939853924108	TRUE
1487.5	1488	0.999394003102094	TRUE
1488	1488.5	0.999435847637905	TRUE
1488.5	1489	0.999476695725412	TRUE
1489	1489.5	0.999470537710558	TRUE
1489.5	1490	0.999434928707976	TRUE
1490	1490.5	0.999396866662302	TRUE
1490.5	1491	0.999370306822421	TRUE
1491	1491.5	0.99938241053149	TRUE
1491.5	1492	0.999431689813526	TRUE
1492	1492.5	0.999458958459224	TRUE
1492.5	1493	0.999424277149545	TRUE
1493	1493.5	0.999360734079922	TRUE
1493.5	1494	0.999313459638408	TRUE
1494	1494.5	0.999291710550568	TRUE
1494.5	1495	0.99929533800136	TRUE
1495	1495.5	0.999321179085125	TRUE
1495.5	1496	0.999352866609083	TRUE
1496	1496.5	0.99939208748895	TRUE
1496.5	1497	0.999454294482806	TRUE
1497	1497.5	0.999527604620895	TRUE
1497.5	1498	0.999576023574831	TRUE
1498	1498.5	0.999594137890823	TRUE
1498.5	1499	0.999604678961552	TRUE
1499	1499.5	0.999617855430706	TRUE
1499.5	1500	0.999621879387521	TRUE
1500	1500.5	0.999616285948547	TRUE
1500.5	1501	0.999619075035303	TRUE
1501	1501.5	0.999633866937653	TRUE
1501.5	1502	0.999653489044763	TRUE
1502	1502.5	0.999671976909544	TRUE
1502.5	1503	0.999679170542287	TRUE
1503	1503.5	0.999666859334092	TRUE
1503.5	1504	0.999653199054072	TRUE
1504	1504.5	0.999666792176954	TRUE
1504.5	1505	0.999697696543068	TRUE
1505	1505.5	0.999715091526975	TRUE
1505.5	1506	0.999712099620431	TRUE
1506	1506.5	0.999696421603502	TRUE
1506.5	1507	0.99967627534142	TRUE
1507	1507.5	0.999671155259878	TRUE
1507.5	1508	0.999694272360846	TRUE
1508	1508.5	0.999725203644532	TRUE
1508.5	1509	0.999742101746445	TRUE
1509	1509.5	0.999748205291444	TRUE
1509.5	1510	0.999753487915703	TRUE
1510	1510.5	0.999758054780092	TRUE
1510.5	1511	0.999765723672326	TRUE
1511	1511.5	0.999780888787627	TRUE
1511.5	1512	0.999794326736696	TRUE
1512	1512.5	0.999794646166815	TRUE
1512.5	1513	0.999786853025926	TRUE
1513	1513.5	0.99978245500568	TRUE
1513.5	1514	0.999781852906182	TRUE
1514	1514.5	0.999780539482094	TRUE
1514.5	1515	0.999780320978691	TRUE
1515	1515.5	0.999784900290738	TRUE
1515.5	1516	0.99978993358792	TRUE
1516	1516.5	0.999791418876716	TRUE
1516.5	1517	0.999791483819921	TRUE
1517	1517.5	0.999791560631545	TRUE
1517.5	1518	0.99978881013455	TRUE
1518	1518.5	0.999785992217631	TRUE
1518.5	1519	0.999787579553534	TRUE
1519	1519.5	0.999790487692621	TRUE
1519.5	1520	0.999788503025093	TRUE
1520	1520.5	0.999785516118478	TRUE
1520.5	1521	0.999787289194008	TRUE
1521	1521.5	0.999788531890038	TRUE
1521.5	1522	0.999789632732444	TRUE
1522	1522.5	0.99979789355185	TRUE
1522.5	1523	0.999811430997887	TRUE
1523	1523.5	0.999822476555577	TRUE
1523.5	1524	0.999828844365852	TRUE
1524	1524.5	0.999827661893752	TRUE
1524.5	1525	0.999816499585901	TRUE
1525	1525.5	0.999806850341442	TRUE
1525.5	1526	0.999807075552317	TRUE
1526	1526.5	0.999803108957933	TRUE
1526.5	1527	0.999782430001817	TRUE
1527	1527.5	0.999757643003682	TRUE
1527.5	1528	0.999746579456647	TRUE
1528	1528.5	0.99974778371778	TRUE
1528.5	1529	0.999755846547052	TRUE
1529	1529.5	0.999769575631666	TRUE
1529.5	1530	0.999783035216572	TRUE
1530	1530.5	0.999788401624607	TRUE
1530.5	1531	0.999786609395598	TRUE
1531	1531.5	0.9997819559946	TRUE
1531.5	1532	0.999775044210779	TRUE
1532	1532.5	0.99977017647899	TRUE
1532.5	1533	0.999770207622319	TRUE
1533	1533.5	0.999768248997831	TRUE
1533.5	1534	0.99975324842803	TRUE
1534	1534.5	0.999724416640844	TRUE
1534.5	1535	0.999695270474935	TRUE
1535	1535.5	0.999676389124484	TRUE
1535.5	1536	0.999671921695687	TRUE
1536	1536.5	0.999683163463563	TRUE
1536.5	1537	0.999699618442878	TRUE
1537	1537.5	0.999704178552231	TRUE
1537.5	1538	0.999696257093777	TRUE
1538	1538.5	0.999695207567845	TRUE
1538.5	1539	0.999705493446355	TRUE
1539	1539.5	0.999708884936558	TRUE
1539.5	1540	0.999700269542936	TRUE
1540	1540.5	0.999689466217317	TRUE
1540.5	1541	0.99967677295007	TRUE
1541	1541.5	0.999662058277546	TRUE
1541.5	1542	0.999656939249174	TRUE
1542	1542.5	0.999662606149277	TRUE
1542.5	1543	0.999658054959829	TRUE
1543	1543.5	0.999639235227224	TRUE
1543.5	1544	0.999616953665385	TRUE
1544	1544.5	0.999578884571308	TRUE
1544.5	1545	0.99951418366124	TRUE
1545	1545.5	0.999462247471058	TRUE
1545.5	1546	0.999458358792411	TRUE
1546	1546.5	0.999483721961777	TRUE
1546.5	1547	0.999515053694917	TRUE
1547	1547.5	0.999551561181498	TRUE
1547.5	1548	0.999583841247186	TRUE
1548	1548.5	0.99960139325339	TRUE
1548.5	1549	0.999617846584457	TRUE
1549	1549.5	0.999634725267847	TRUE
1549.5	1550	0.999627263318258	TRUE
1550	1550.5	0.999594216034186	TRUE
1550.5	1551	0.999561320340696	TRUE
1551	1551.5	0.999524886715656	TRUE
1551.5	1552	0.99946654875813	TRUE
1552	1552.5	0.999406883656952	TRUE
1552.5	1553	0.999380564309845	TRUE
1553	1553.5	0.999387324379549	TRUE
1553.5	1554	0.999407305742097	TRUE
1554	1554.5	0.999428802793456	TRUE
1554.5	1555	0.999434887649037	TRUE
1555	1555.5	0.99942636580629	TRUE
1555.5	1556	0.99942873604494	TRUE
1556	1556.5	0.999441687626457	TRUE
1556.5	1557	0.99942932708329	TRUE
1557	1557.5	0.999386849375867	TRUE
1557.5	1558	0.999354219945346	TRUE
1558	1558.5	0.999359767915406	TRUE
1558.5	1559	0.999397709853439	TRUE
1559	1559.5	0.999449497939594	TRUE
1559.5	1560	0.999495358289313	TRUE
1560	1560.5	0.999509906885737	TRUE
1560.5	1561	0.999479172461297	TRUE
1561	1561.5	0.999413345322838	TRUE
1561.5	1562	0.999329792286908	TRUE
1562	1562.5	0.999241803247205	TRUE
1562.5	1563	0.999179825401311	TRUE
1563	1563.5	0.99919726795639	TRUE
1563.5	1564	0.999292242788289	TRUE
1564	1564.5	0.999398186622335	TRUE
1564.5	1565	0.999466566629092	TRUE
1565	1565.5	0.999505282045483	TRUE
1565.5	1566	0.999526500395599	TRUE
1566	1566.5	0.999532137671306	TRUE
1566.5	1567	0.999541910849192	TRUE
1567	1567.5	0.999549259783626	TRUE
1567.5	1568	0.999525840081846	TRUE
1568	1568.5	0.999483349697808	TRUE
1568.5	1569	0.999453226957506	TRUE
1569	1569.5	0.999424238208178	TRUE
1569.5	1570	0.999383467227278	TRUE
1570	1570.5	0.999374643521173	TRUE
1570.5	1571	0.999424338870309	TRUE
1571	1571.5	0.999484231373461	TRUE
1571.5	1572	0.999501255104125	TRUE
1572	1572.5	0.99947881914129	TRUE
1572.5	1573	0.999445129336165	TRUE
1573	1573.5	0.999427162202997	TRUE
1573.5	1574	0.999447601187333	TRUE
1574	1574.5	0.999497440136777	TRUE
1574.5	1575	0.999531109016202	TRUE
1575	1575.5	0.999532767423777	TRUE
1575.5	1576	0.999533351713025	TRUE
1576	1576.5	0.999544142950894	TRUE
1576.5	1577	0.999547252280746	TRUE
1577	1577.5	0.99954600399459	TRUE
1577.5	1578	0.999552238395187	TRUE
1578	1578.5	0.999555201811358	TRUE
1578.5	1579	0.999547748058391	TRUE
1579	1579.5	0.9995498213898	TRUE
1579.5	1580	0.999570079586216	TRUE
1580	1580.5	0.999578918617057	TRUE
1580.5	1581	0.999558321871075	TRUE
1581	1581.5	0.999525255137964	TRUE
1581.5	1582	0.999490914418944	TRUE
1582	1582.5	0.999448915374763	TRUE
1582.5	1583	0.9994205117819	TRUE
1583	1583.5	0.999423059732253	TRUE
1583.5	1584	0.999441633269344	TRUE
1584	1584.5	0.999465079420988	TRUE
1584.5	1585	0.999508768465693	TRUE
1585	1585.5	0.999569737607194	TRUE
1585.5	1586	0.999605586345999	TRUE
1586	1586.5	0.99960869447522	TRUE
1586.5	1587	0.999611961641929	TRUE
1587	1587.5	0.999620443934709	TRUE
1587.5	1588	0.999613128811236	TRUE
1588	1588.5	0.99959405701911	TRUE
1588.5	1589	0.999577855487682	TRUE
1589	1589.5	0.999552628481889	TRUE
1589.5	1590	0.999522153193466	TRUE
1590	1590.5	0.999500684691228	TRUE
1590.5	1591	0.999464797492427	TRUE
1591	1591.5	0.999406994046033	TRUE
1591.5	1592	0.999376681991828	TRUE
1592	1592.5	0.999406447472317	TRUE
1592.5	1593	0.999456054070334	TRUE
1593	1593.5	0.999484475679309	TRUE
1593.5	1594	0.99949557242472	TRUE
1594	1594.5	0.999488479177202	TRUE
1594.5	1595	0.999465570174405	TRUE
1595	1595.5	0.99946176043783	TRUE
1595.5	1596	0.99949422299008	TRUE
1596	1596.5	0.99953246622113	TRUE
1596.5	1597	0.999553798652275	TRUE
1597	1597.5	0.999567269250993	TRUE
1597.5	1598	0.999570224295777	TRUE
1598	1598.5	0.999554823777606	TRUE
1598.5	1599	0.999542037759664	TRUE
1599	1599.5	0.999545986644503	TRUE
1599.5	1600	0.999550620092019	TRUE
1600	1600.5	0.999550027260058	TRUE
1600.5	1601	0.999556660171723	TRUE
1601	1601.5	0.99956310476743	TRUE
1601.5	1602	0.999560580813005	TRUE
1602	1602.5	0.999567049832746	TRUE
1602.5	1603	0.999591908624392	TRUE
1603	1603.5	0.999617997638805	TRUE
1603.5	1604	0.999633505882889	TRUE
1604	1604.5	0.99965201660774	TRUE
1604.5	1605	0.999680838596589	TRUE
1605	1605.5	0.999708379466871	TRUE
1605.5	1606	0.999730750338789	TRUE
1606	1606.5	0.999756515816169	TRUE
1606.5	1607	0.999784964661245	TRUE
1607	1607.5	0.99980630932897	TRUE
1607.5	1608	0.99981603258052	TRUE
1608	1608.5	0.999819155790336	TRUE
1608.5	1609	0.999818680512726	TRUE
1609	1609.5	0.999812747261274	TRUE
1609.5	1610	0.999806365747359	TRUE
1610	1610.5	0.999809293235588	TRUE
1610.5	1611	0.999823795919765	TRUE
1611	1611.5	0.999842779191909	TRUE
1611.5	1612	0.999859552500562	TRUE
1612	1612.5	0.999868673950907	TRUE
1612.5	1613	0.999868509069421	TRUE
1613	1613.5	0.999867687564858	TRUE
1613.5	1614	0.999873609773893	TRUE
1614	1614.5	0.99988098756539	TRUE
1614.5	1615	0.999882610644818	TRUE
1615	1615.5	0.99988039342338	TRUE
1615.5	1616	0.999877362189789	TRUE
1616	1616.5	0.999873135021202	TRUE
1616.5	1617	0.99987311555193	TRUE
1617	1617.5	0.999879240675631	TRUE
1617.5	1618	0.999878249592137	TRUE
1618	1618.5	0.999861855772684	TRUE
1618.5	1619	0.999844052938483	TRUE
1619	1619.5	0.999836760600791	TRUE
1619.5	1620	0.999830899501958	TRUE
1620	1620.5	0.999817886717581	TRUE
1620.5	1621	0.999806168362101	TRUE
1621	1621.5	0.999803629230486	TRUE
1621.5	1622	0.999806451422082	TRUE
1622	1622.5	0.999810047704168	TRUE
1622.5	1623	0.999817161377768	TRUE
1623	1623.5	0.999823992689844	TRUE
1623.5	1624	0.999825715005818	TRUE
1624	1624.5	0.999823128084461	TRUE
1624.5	1625	0.999813311234275	TRUE
1625	1625.5	0.999795543748739	TRUE
1625.5	1626	0.999784236363411	TRUE
1626	1626.5	0.999787138031597	TRUE
1626.5	1627	0.999785868833201	TRUE
1627	1627.5	0.999768841706442	TRUE
1627.5	1628	0.999751937934301	TRUE
1628	1628.5	0.999741130819437	TRUE
1628.5	1629	0.999718439424553	TRUE
1629	1629.5	0.999682679160231	TRUE
1629.5	1630	0.99965551470874	TRUE
1630	1630.5	0.999642169654648	TRUE
1630.5	1631	0.999636423797691	TRUE
1631	1631.5	0.999642063810986	TRUE
1631.5	1632	0.999649196136506	TRUE
1632	1632.5	0.999634356236806	TRUE
1632.5	1633	0.999609185226711	TRUE
1633	1633.5	0.999605061781746	TRUE
1633.5	1634	0.999616126812807	TRUE
1634	1634.5	0.999608633414357	TRUE
1634.5	1635	0.999579686191515	TRUE
1635	1635.5	0.999554009214685	TRUE
1635.5	1636	0.999547084398085	TRUE
1636	1636.5	0.99955666013332	TRUE
1636.5	1637	0.999561494190576	TRUE
1637	1637.5	0.999535370224046	TRUE
1637.5	1638	0.999485211685046	TRUE
1638	1638.5	0.999449439163723	TRUE
1638.5	1639	0.999434430922046	TRUE
1639	1639.5	0.999419413394475	TRUE
1639.5	1640	0.999417952729273	TRUE
1640	1640.5	0.999444650528375	TRUE
1640.5	1641	0.999444697198076	TRUE
1641	1641.5	0.999353030166495	TRUE
1641.5	1642	0.999217282949239	TRUE
1642	1642.5	0.999152989609721	TRUE
1642.5	1643	0.999179354192367	TRUE
1643	1643.5	0.999215882725077	TRUE
1643.5	1644	0.99921200296374	TRUE
1644	1644.5	0.999187118957249	TRUE
1644.5	1645	0.999119075979257	TRUE
1645	1645.5	0.998982667110618	TRUE
1645.5	1646	0.998829869649349	TRUE
1646	1646.5	0.998719632717987	TRUE
1646.5	1647	0.99856388688188	TRUE
1647	1647.5	0.998589580222269	TRUE
1647.5	1648	0.998672445972433	TRUE
1648	1648.5	0.998518931872074	TRUE
1648.5	1649	0.997518426619806	TRUE
1649	1649.5	0.994482421904777	TRUE
1649.5	1650	0.987440379683063	FALSE
